Site #	Camera Number	SD Card	Month	Day	Time	Recording Name	# Mice	Left (0,1,2)	Right (0,1,2)	Majority Interaction (L/R)	Rat (Y/N)	Notes	Observer Initials	Instructions:
5	13	KM 10 (64)	Jul	9	20:47	IMG_0001	1							If there are any recordings that have only mice, input how many
5	13	KM 10 (64)	Jul	10	5:15	IMG_0002	1							If there are any other notable things about a video, such as a possible repeat rat, write in notes column
5	13	KM 10 (64)	Jul	10	19:16	IMG_0003	1							For left and right, 0 = no interaction, 1 = first interaction, 2 = interaction (but not first)
5	13	KM 10 (64)	Jul	10	20:18	IMG_0004	0							Separate notes for multiple mice with a comma
5	13	KM 10 (64)	Jul	10	20:22	IMG_0005	1							Majority Interaction column should only be used if the mouse interacts with both but spends much longer at one
5	13	KM 10 (64)	Jul	10	23:22	IMG_0006	0					not sure what		
5	13	KM 10 (64)	Jul	10	23:57	IMG_0007	2							
5	13	KM 10 (64)	Jul	10	23:59	IMG_0008	1							
5	13	KM 10 (64)	Jul	11	0:01	IMG_0009	2							
5	13	KM 10 (64)	Jul	11	0:37	IMG_0010	0							
5	13	KM 10 (64)	Jul	11	1:43	IMG_0011	1							
5	13	KM 10 (64)	Jul	11	5:17	IMG_0012	1							
5	13	KM 10 (64)	Jul	11	5:23	IMG_0013	1							
5	13	KM 10 (64)	Jul	11	6:21	IMG_0014	1							
5	13	KM 10 (64)	Jul	12	3:58	IMG_0015						too foggy		
5	13	KM 10 (64)	Jul	12	4:34	IMG_0016						too foggy		
5	13	KM 10 (64)	Jul	12	4:55	IMG_0017						too foggy		
5	13	KM 10 (64)	Jul	12	19:31	IMG_0018	1							
5	13	KM 10 (64)	Jul	12	19:49	IMG_0019	1							
5	13	KM 10 (64)	Jul	12	22:35	IMG_0020	1							
5	13	KM 10 (64)	Jul	12	22:58	IMG_0021	1							
5	13	KM 10 (64)	Jul	12	23:38	IMG_0022	0							
5	13	KM 10 (64)	Jul	13	0:46	IMG_0023	1							
5	13	KM 10 (64)	Jul	13	2:48	IMG_0024	1							
5	13	KM 10 (64)	Jul	13	3:15	IMG_0025	1							
5	13	KM 10 (64)	Jul	13	3:22	IMG_0026	1							
5	13	KM 10 (64)	Jul	13	19:56	IMG_0027	1					wenr in tube		
5	13	KM 10 (64)	Jul	13	20:35	IMG_0028	1							
5	13	KM 10 (64)	Jul	14	0:14	IMG_0029	1							
5	13	KM 10 (64)	Jul	14	3:08	IMG_0030	1							
5	13	KM 10 (64)	Jul	14	4:03	IMG_0031	1					visited both		
5	13	KM 10 (64)	Jul	14	4:45	IMG_0032	1							
5	13	KM 10 (64)	Jul	14	5:05	IMG_0033	1							
5	13	KM 10 (64)	Jul	14	6:19	IMG_0034	1							
5	13	KM 10 (64)	Jul	14	6:19	IMG_0035	2							
5	13	KM 10 (64)	Jul	14	19:17	IMG_0036	1					fat, too fat for tube		
5	13	KM 10 (64)	Jul	14	19:38	IMG_0037	1							
5	13	KM 10 (64)	Jul	14	23:25	IMG_0038	1							
5	13	KM 10 (64)	Jul	15	0:12	IMG_0039	1							
5	13	KM 10 (64)	Jul	15	3:14	IMG_0040	1							
5	13	KM 10 (64)	Jul	15	5:12	IMG_0041	1							
5	13	KM 10 (64)	Jul	15	5:25	IMG_0042	1							
5	13	KM 10 (64)	Jul	15	19:06	IMG_0043	1							
5	13	KM 10 (64)	Jul	15	19:38	IMG_0044	1							
5	13	KM 10 (64)	Jul	15	19:58	IMG_0045	1							
5	13	KM 10 (64)	Jul	15	20:38	IMG_0046	1							
5	13	KM 10 (64)	Jul	16	3:34	IMG_0047	1							
5	13	KM 10 (64)	Jul	16	20:19	IMG_0048	1							
5	13	KM 10 (64)	Jul	17	5:03	IMG_0049	1							
5	13	KM 10 (64)	Jul	17	20:49	IMG_0050	1					carrying something		
5	13	KM 10 (64)	Jul	18	3:20	IMG_0051	1							
5	13	KM 10 (64)	Jul	18	5:37	IMG_0052	1							
5	13	KM 10 (64)	Jul	18	23:23	IMG_0053					Y	RAT		
5	13	KM 10 (64)	Jul	18	23:27	IMG_0054	0							
5	13	KM 10 (64)	Jul	25	1:22	IMG_0055					Y	RAT		
3	8	KM 1 (64)	Jul	9	19:51	IMG_0001.MP4	2	0,0	1,0	R	N		SD	
3	8	KM 1 (64)	Jul	9	19:51	IMG_0002.MP4	1	1	0	L	N		SD	
3	8	KM 1 (64)	Jul	9	19:52	IMG_0003.MP4	1	0	1	R	N	R	SD	
3	8	KM 1 (64)	Jul	9	19:53	IMG_0004.MP4	1	1	2	R	N	LR pretty big but i think mouse	SD	
3	8	KM 1 (64)	Jul	9	19:56	IMG_0005.MP4	1	0	1	R	N	R	SD	
3	8	KM 1 (64)	Jul	9	20:11	IMG_0006.MP4	1	1	2	L	N	LR	SD	
3	8	KM 1 (64)	Jul	9	20:13	IMG_0007.MP4	1	1	2	L	N	LR	SD	
3	8	KM 1 (64)	Jul	9	20:16	IMG_0008.MP4	1	1	0	L	N	L	SD	
3	8	KM 1 (64)	Jul	9	20:46	IMG_0009.MP4	1	1	0	L	N	L	SD	
3	8	KM 1 (64)	Jul	9	21:32	IMG_0010.MP4	1	1	0	L	N	L	SD	
3	8	KM 1 (64)	Jul	9	21:32	IMG_0011.MP4	1	1	0	L	N	L	SD	
3	8	KM 1 (64)	Jul	9	21:33	IMG_0012.MP4	1	0	0		N		SD	
3	8	KM 1 (64)	Jul	9	21:40	IMG_0013.MP4	1	0	1	R	N	R	SD	
3	8	KM 1 (64)	Jul	9	22:06	IMG_0014.MP4	2	0,0	0,0		N	big mouse i think	SD	
3	8	KM 1 (64)	Jul	9	22:06	IMG_0015.MP4	1	1	0	L	N	L	SD	
3	8	KM 1 (64)	Jul	9	22:28	IMG_0016.MP4	1	0	1	R	N	R	SD	
3	8	KM 1 (64)	Jul	9	23:07	IMG_0017.MP4	1	0	0		N		SD	
3	8	KM 1 (64)	Jul	9	23:14	IMG_0018.MP4	1	0	1	R	N	R	SD	
3	8	KM 1 (64)	Jul	10	0:28	IMG_0019.MP4	1	1	0	L	N	L	SD	usually when they're at L they're spending a lot longer (could be preference could be bait is closer to entrance
3	8	KM 1 (64)	Jul	10	0:29	IMG_0020.MP4	1	1	0	L	N	L	SD	
3	8	KM 1 (64)	Jul	10	1:53	IMG_0021.MP4	1	0	1	R	N	R	SD	
3	8	KM 1 (64)	Jul	10	1:54	IMG_0022.MP4	1	0	0		N		SD	
3	8	KM 1 (64)	Jul	10	4:54	IMG_0023.MP4	1	1	2	R	N	LR	SD	
3	8	KM 1 (64)	Jul	10	4:58	IMG_0024.MP4	1	0	0		N		SD	
3	8	KM 1 (64)	Jul	10	5:06	IMG_0025.MP4	0				N		SD	
3	8	KM 1 (64)	Jul	10	5:35	IMG_0026.MP4	1	0	1	R	N	R	SD	
3	8	KM 1 (64)	Jul	10	6:34	IMG_0027.MP4	1	0	1	R	N	R	SD	
3	8	KM 1 (64)	Jul	10	6:37	IMG_0028.MP4	1	0	1	R	N	R	SD	
3	8	KM 1 (64)	Jul	10	6:39	IMG_0029.MP4	0				N		SD	
3	8	KM 1 (64)	Jul	10	6:39	IMG_0030.MP4	1	0	1	R	N	R	SD	
3	8	KM 1 (64)	Jul	10	6:40	IMG_0031.MP4	3	0	1,1,1	R	N	they are jumping around having fun	SD	
3	8	KM 1 (64)	Jul	10	6:40	IMG_0032.MP4	3	0	0		N		SD	
3	8	KM 1 (64)	Jul	10	6:41	IMG_0033.MP4	1	1	0	L	N	L	SD	
3	8	KM 1 (64)	Jul	10	6:44	IMG_0034.MP4	2	1,0	0,1	L,R	N	L R big mouse 	SD	
3	8	KM 1 (64)	Jul	10	6:48	IMG_0035.MP4	1	1	0	L	N	L	SD	
3	8	KM 1 (64)	Jul	10	6:49	IMG_0036.MP4	1	1	0	L	N	LR	SD	
3	8	KM 1 (64)	Jul	10	6:51	IMG_0037.MP4	1	0	0		N		SD	
3	8	KM 1 (64)	Jul	10	6:52	IMG_0038.MP4	1	0	0		N	big mouse	SD	
3	8	KM 1 (64)	Jul	10	6:56	IMG_0039.MP4	0				N		SD	
3	8	KM 1 (64)	Jul	10	19:22	IMG_0040.MP4	1	0	0		N		SD	
3	8	KM 1 (64)	Jul	10	19:26	IMG_0041.MP4	1	1	0	L	N	L big mouse	SD	
3	8	KM 1 (64)	Jul	10	19:27	IMG_0042.MP4	1	1	0	L	N	L	SD	
3	8	KM 1 (64)	Jul	10	19:32	IMG_0043.MP4	1	0	0		N		SD	
3	8	KM 1 (64)	Jul	10	19:34	IMG_0044.MP4	1	1	0	L	N	L	SD	
3	8	KM 1 (64)	Jul	10	20:38	IMG_0045.MP4	1	0	1	R	N	R	SD	
3	8	KM 1 (64)	Jul	10	20:38	IMG_0046.MP4	1	0	1	R	N	R	SD	
3	8	KM 1 (64)	Jul	10	20:40	IMG_0047.MP4	1	1	0	L	N	L	SD	
3	8	KM 1 (64)	Jul	10	20:40	IMG_0048.MP4	1	0	0		N		SD	
3	8	KM 1 (64)	Jul	10	20:50	IMG_0049.MP4	1	0	1	R	N	R	SD	
3	8	KM 1 (64)	Jul	10	20:51	IMG_0050.MP4	1	0	1	R	N	R	SD	
3	8	KM 1 (64)	Jul	10	21:24	IMG_0051.MP4	1	0	1	R	N	R	SD	
3	8	KM 1 (64)	Jul	10	21:35	IMG_0052.MP4	2	0,0	1,0	R	N	R	SD	
3	8	KM 1 (64)	Jul	10	21:59	IMG_0053.MP4	1	1	0	L	N	L	SD	
3	8	KM 1 (64)	Jul	10	22:53	IMG_0054.MP4	1	1	0	L	N	L so fat...	SD	
3	8	KM 1 (64)	Jul	10	22:53	IMG_0055.MP4	4	0	0		N	no interactions	SD	
3	8	KM 1 (64)	Jul	10	23:00	IMG_0056.MP4	1	0	1	R	N	R	SD	
3	8	KM 1 (64)	Jul	10	23:01	IMG_0057.MP4	1	0	0		N		SD	
3	8	KM 1 (64)	Jul	10	23:04	IMG_0058.MP4	1	0	0		N	really big	SD	
3	8	KM 1 (64)	Jul	10	23:05	IMG_0059.MP4	1	0	0		N		SD	
3	8	KM 1 (64)	Jul	10	23:06	IMG_0060.MP4	1	1	0	L	N	L funny vid watch i promise	SD	
3	8	KM 1 (64)	Jul	10	23:08	IMG_0061.MP4	1	0	1	R	N	R	SD	
3	8	KM 1 (64)	Jul	10	23:11	IMG_0062.MP4	1	0	0		N		SD	
3	8	KM 1 (64)	Jul	10	23:22	IMG_0063.MP4	2	0	1	R	N	might have only been 1	SD	
3	8	KM 1 (64)	Jul	10	23:24	IMG_0064.MP4	1	0	1	R	N	R	SD	
3	8	KM 1 (64)	Jul	10	23:24	IMG_0065.MP4	1	0	1	R	N	R	SD	
3	8	KM 1 (64)	Jul	10	23:25	IMG_0066.MP4	1	0	1	R	N	R	SD	
3	8	KM 1 (64)	Jul	10	23:26	IMG_0067.MP4	2	0,0	1,0	R	N	R got in a fight	SD	
3	8	KM 1 (64)	Jul	10	23:28	IMG_0068.MP4	1	0	0		N		SD	
3	8	KM 1 (64)	Jul	10	23:29	IMG_0069.MP4	1	0	1	R	N	R	SD	
3	8	KM 1 (64)	Jul	10	23:30	IMG_0070.MP4	1	0	1	R	N	R	SD	
3	8	KM 1 (64)	Jul	10	23:31	IMG_0071.MP4	2	0,0	0,0		N		SD	
3	8	KM 1 (64)	Jul	10	23:32	IMG_0072.MP4	1	1	2	R	N	LR	SD	
3	8	KM 1 (64)	Jul	10	23:34	IMG_0073.MP4	1	1	0	L	N	L	SD	
3	8	KM 1 (64)	Jul	10	23:45	IMG_0074.MP4	1	0	1	R	N	R	SD	
3	8	KM 1 (64)	Jul	10	23:46	IMG_0075.MP4	1	0	0		N		SD	
3	8	KM 1 (64)	Jul	10	23:52	IMG_0076.MP4	2	0,0	0,0		N	no interaction	SD	
3	8	KM 1 (64)	Jul	10	23:52	IMG_0077.MP4	1	0	0		N		SD	
3	8	KM 1 (64)	Jul	11	0:00	IMG_0078.MP4	1	1	0	L	N	L Fat so big	SD	
3	8	KM 1 (64)	Jul	11	0:15	IMG_0079.MP4	1	1	0	L	N	L	SD	
3	8	KM 1 (64)	Jul	11	0:16	IMG_0080.MP4	2	1,1	0,0		N	LL	SD	
3	8	KM 1 (64)	Jul	11	0:17	IMG_0081.MP4	1	0	0		N		SD	
3	8	KM 1 (64)	Jul	11	0:27	IMG_0082.MP4	1	0	0		N	bouncy	SD	
3	8	KM 1 (64)	Jul	11	0:27	IMG_0083.MP4	1	1	0	L	N	L	SD	
3	8	KM 1 (64)	Jul	11	0:33	IMG_0084.MP4	2	1,0	0,0	L	N	L R	SD	
3	8	KM 1 (64)	Jul	11	0:42	IMG_0085.MP4	1	0	0		N		SD	
3	8	KM 1 (64)	Jul	11	0:47	IMG_0086.MP4	1	0	1	R	N	R	SD	
3	8	KM 1 (64)	Jul	11	0:49	IMG_0087.MP4	1	0	1	R	N	R	SD	
3	8	KM 1 (64)	Jul	11	0:50	IMG_0088.MP4	1	0	0		N		SD	
3	8	KM 1 (64)	Jul	11	1:18	IMG_0089.MP4	1	0	1	R	N	R	SD	
3	8	KM 1 (64)	Jul	11	1:19	IMG_0090.MP4	1	0	0		N		SD	
3	8	KM 1 (64)	Jul	11	1:19	IMG_0091.MP4	1	0	0		N		SD	
3	8	KM 1 (64)	Jul	11	1:22	IMG_0092.MP4	0				N		SD	
3	8	KM 1 (64)	Jul	11	1:23	IMG_0093.MP4	1	0	1	R	N	R	SD	
3	8	KM 1 (64)	Jul	11	1:23	IMG_0094.MP4	1	0	0		N		SD	
3	8	KM 1 (64)	Jul	11	1:31	IMG_0095.MP4	1	0	1	R	N	R	SD	
3	8	KM 1 (64)	Jul	11	1:37	IMG_0096.MP4	1	0	1	R	N	R	SD	
3	8	KM 1 (64)	Jul	11	1:51	IMG_0097.MP4	0				N		SD	
3	8	KM 1 (64)	Jul	11	1:57	IMG_0098.MP4	1	0	1	R	N	R	SD	
3	8	KM 1 (64)	Jul	11	1:59	IMG_0099.MP4	1	0	1	R	N	R	SD	
3	8	KM 1 (64)	Jul	11	2:15	IMG_0100.MP4	0	0	0		N		SD	
3	8	KM 1 (64)	Jul	11	2:31	IMG_0101.MP4	1	1	0	L	N	L	SD	
3	8	KM 1 (64)	Jul	11	2:31	IMG_0102.MP4	0				N		SD	
3	8	KM 1 (64)	Jul	11	2:43	IMG_0103.MP4	1	0	0		N		SD	
3	8	KM 1 (64)	Jul	11	2:44	IMG_0104.MP4	1	0	1	R	N	R	SD	
3	8	KM 1 (64)	Jul	11	2:46	IMG_0105.MP4	1	0	0		N		SD	
3	8	KM 1 (64)	Jul	11	2:51	IMG_0106.MP4	1	1	0	L	N	L big	SD	
3	8	KM 1 (64)	Jul	11	3:26	IMG_0107.MP4	1	1	0	L	N	L	SD	
3	8	KM 1 (64)	Jul	11	3:26	IMG_0108.MP4	1	1	0	L	N	L	SD	
3	8	KM 1 (64)	Jul	11	3:30	IMG_0109.MP4	1	0	0		N		SD	
3	8	KM 1 (64)	Jul	11	3:41	IMG_0110.MP4	2	0,0	1,0	R	N	R big	SD	
3	8	KM 1 (64)	Jul	11	3:42	IMG_0111.MP4	1	0	0		N		SD	
3	8	KM 1 (64)	Jul	11	3:43	IMG_0112.MP4	1	0	1	R	N	R	SD	
3	8	KM 1 (64)	Jul	11	3:43	IMG_0113.MP4	1	0	0		N		SD	
3	8	KM 1 (64)	Jul	11	3:45	IMG_0114.MP4	2	0,0	0,0		N		SD	
3	8	KM 1 (64)	Jul	11	3:50	IMG_0115.MP4	1	0	0		N		SD	
3	8	KM 1 (64)	Jul	11	3:57	IMG_0116.MP4	1	0	1	R	N	R	SD	
3	8	KM 1 (64)	Jul	11	3:58	IMG_0117.MP4	1	0	1	R	N	R	SD	
3	8	KM 1 (64)	Jul	11	4:00	IMG_0118.MP4	1	0	0		N		SD	
3	8	KM 1 (64)	Jul	11	4:02	IMG_0119.MP4	2	1,0	0,1	R	N	LR	SD	
3	8	KM 1 (64)	Jul	11	4:03	IMG_0120.MP4	2	0,0	1,0	R	N	R	SD	
3	8	KM 1 (64)	Jul	11	4:03	IMG_0121.MP4	3	0,0,0	0,0,0		N		SD	
3	8	KM 1 (64)	Jul	11	4:04	IMG_0122.MP4	2	0,0	1,0	R	N	R	SD	
3	8	KM 1 (64)	Jul	11	4:04	IMG_0123.MP4	3	0,0,0	0,0,0		N		SD	
3	8	KM 1 (64)	Jul	11	4:05	IMG_0124.MP4	1	0	0		N		SD	
3	8	KM 1 (64)	Jul	11	4:05	IMG_0125.MP4	1	1	2	R	N	LR, sniffed L but spent a lot longer at R (pattern I'm seeing in the later videos)	SD	
3	8	KM 1 (64)	Jul	11	4:07	IMG_0126.MP4	1	0	0		N		SD	
3	8	KM 1 (64)	Jul	11	4:08	IMG_0127.MP4	0				N		SD	
3	8	KM 1 (64)	Jul	11	4:08	IMG_0128.MP4	1	0	0		N		SD	
3	8	KM 1 (64)	Jul	11	4:09	IMG_0129.MP4	1	0	0		N		SD	
3	8	KM 1 (64)	Jul	11	4:16	IMG_0130.MP4	1	0	1	R	N	R, funny vid	SD	
3	8	KM 1 (64)	Jul	11	4:16	IMG_0131.MP4	1	1	0	L	N	L	SD	
3	8	KM 1 (64)	Jul	11	4:17	IMG_0132.MP4	1	1	0	L	N	L	SD	
3	8	KM 1 (64)	Jul	11	4:17	IMG_0133.MP4	2	1,0	1,0	L	N	RL	SD	
3	8	KM 1 (64)	Jul	11	4:18	IMG_0134.MP4	1	1	0	L	N	L	SD	
3	8	KM 1 (64)	Jul	11	4:26	IMG_0135.MP4	1	0	0		N		SD	
3	8	KM 1 (64)	Jul	11	4:32	IMG_0136.MP4	1	0	0		N		SD	
3	8	KM 1 (64)	Jul	11	4:45	IMG_0137.MP4	1	1	2	R	N	LR again sniffed L but spent longer at R	SD	
3	8	KM 1 (64)	Jul	11	4:46	IMG_0138.MP4	1	0	1		N	R	SD	
3	8	KM 1 (64)	Jul	11	4:57	IMG_0139.MP4	1	1	2	R	N	LR	SD	
3	8	KM 1 (64)	Jul	11	4:58	IMG_0140.MP4	1	0	0		N	something near L a couple have sniffed maybe spilled or food there	SD	
3	8	KM 1 (64)	Jul	11	4:59	IMG_0141.MP4	2	1,1	0,0	L	N	L	SD	
3	8	KM 1 (64)	Jul	11	5:00	IMG_0142.MP4	1	1	0	L	N	L	SD	
3	8	KM 1 (64)	Jul	11	5:00	IMG_0143.MP4	1	1	2	R	N	LR	SD	
3	8	KM 1 (64)	Jul	11	5:08	IMG_0144.MP4	1	1	0	L	N	L	SD	
3	8	KM 1 (64)	Jul	11	5:32	IMG_0145.MP4	2	0,0	0,0		N	R	SD	
3	8	KM 1 (64)	Jul	11	5:33	IMG_0146.MP4	1	0	1	R	N	R	SD	
3	8	KM 1 (64)	Jul	11	5:34	IMG_0147.MP4	1	0	1	R	N	R?	SD	
3	8	KM 1 (64)	Jul	11	5:35	IMG_0148.MP4	1	0	1	R	N	R	SD	
3	8	KM 1 (64)	Jul	11	5:51	IMG_0149.MP4	1	1	0	L	N	L	SD	
3	8	KM 1 (64)	Jul	11	5:52	IMG_0150.MP4	1	0	0		N		SD	
3	8	KM 1 (64)	Jul	11	6:29	IMG_0151.MP4	1	0	0		N		SD	
3	8	KM 1 (64)	Jul	11	6:30	IMG_0152.MP4	1	0	0		N		SD	
3	8	KM 1 (64)	Jul	11	6:41	IMG_0153.MP4	1	1	0	L	N	L	SD	
3	8	KM 1 (64)	Jul	11	6:42	IMG_0154.MP4	1	0	0		N	big mouse	SD	
3	8	KM 1 (64)	Jul	11	6:43	IMG_0155.MP4	1	0	1	R	N	R	SD	
3	8	KM 1 (64)	Jul	11	6:43	IMG_0156.MP4	3	0,0,0	0,0,0		N		SD	
3	8	KM 1 (64)	Jul	11	6:52	IMG_0157.MP4	1	1	0	L	N	L	SD	
3	8	KM 1 (64)	Jul	11	19:32	IMG_0158.MP4	1	0	0		N		SD	
3	8	KM 1 (64)	Jul	11	20:11	IMG_0159.MP4	1	1	2	R	N	LR	SD	
3	8	KM 1 (64)	Jul	11	20:29	IMG_0160.MP4	2	0,0	1,0	R	N	R might be only 1	SD	
3	8	KM 1 (64)	Jul	11	20:32	IMG_0161.MP4	2	0,0	1,0	R	N	R might be only 1	SD	
3	8	KM 1 (64)	Jul	11	20:34	IMG_0162.MP4	2	1,0	0,1	R	N	LR	SD	
3	8	KM 1 (64)	Jul	11	20:35	IMG_0163.MP4	0				N		SD	
3	8	KM 1 (64)	Jul	11	20:40	IMG_0164.MP4	2	0,0	1,0	R	N	RR	SD	
3	8	KM 1 (64)	Jul	11	20:40	IMG_0165.MP4	2	1,0	0,1	R	N	L and R big mouse	SD	
3	8	KM 1 (64)	Jul	11	20:43	IMG_0166.MP4	1	1	0	L	N	L big	SD	
3	8	KM 1 (64)	Jul	11	20:48	IMG_0167.MP4	1	0	0		N		SD	
3	8	KM 1 (64)	Jul	11	20:50	IMG_0168.MP4	1	0	1	R	N	R	SD	
3	8	KM 1 (64)	Jul	11	20:51	IMG_0169.MP4	1	0	0		N		SD	
3	8	KM 1 (64)	Jul	11	20:52	IMG_0170.MP4	1	0	1	R	N	R	SD	
3	8	KM 1 (64)	Jul	11	20:55	IMG_0171.MP4	1	1	2	L	N	LR	SD	
3	8	KM 1 (64)	Jul	11	20:59	IMG_0172.MP4	1	0	1	R	N		SD	
3	8	KM 1 (64)	Jul	11	21:01	IMG_0173.MP4	1	0	0		N		SD	
3	8	KM 1 (64)	Jul	11	21:07	IMG_0174.MP4	1	1	2	R	N		SD	
3	8	KM 1 (64)	Jul	11	21:08	IMG_0175.MP4	1	0	1	R	N		SD	
3	8	KM 1 (64)	Jul	11	21:08	IMG_0176.MP4	1	1	0	L	N		SD	
3	8	KM 1 (64)	Jul	11	21:10	IMG_0177.MP4	1	1	0	L	N		SD	
3	8	KM 1 (64)	Jul	11	21:11	IMG_0178.MP4	1	1	2	L	N		SD	
3	8	KM 1 (64)	Jul	11	21:14	IMG_0179.MP4	1	1	2	R	N		SD	
3	8	KM 1 (64)	Jul	11	21:16	IMG_0180.MP4	0	0	0		N		SD	
3	8	KM 1 (64)	Jul	11	21:19	IMG_0181.MP4	1	1	0	L	N		SD	
3	8	KM 1 (64)	Jul	11	21:22	IMG_0182.MP4	1	0	1	R	N		SD	
3	8	KM 1 (64)	Jul	11	21:25	IMG_0183.MP4	1	0	1	R	N		SD	
3	8	KM 1 (64)	Jul	11	21:27	IMG_0184.MP4	1	0	0		N		SD	
3	8	KM 1 (64)	Jul	11	21:27	IMG_0185.MP4	1	0	1	R	N		SD	
3	8	KM 1 (64)	Jul	11	21:29	IMG_0186.MP4	2	0,0	0,1	R	N		SD	
3	8	KM 1 (64)	Jul	11	21:38	IMG_0187.MP4	1	0	1	R	N		SD	
3	8	KM 1 (64)	Jul	11	21:58	IMG_0188.MP4	1	1	0	L	N		SD	
3	8	KM 1 (64)	Jul	11	22:04	IMG_0189.MP4	1	0	1	R	N		SD	
3	8	KM 1 (64)	Jul	11	22:05	IMG_0190.MP4	1	0	1	R	N		SD	
3	8	KM 1 (64)	Jul	11	22:20	IMG_0191.MP4	1	0	0		N		SD	
3	8	KM 1 (64)	Jul	11	22:21	IMG_0192.MP4	1	0	0		N		SD	
3	8	KM 1 (64)	Jul	11	22:22	IMG_0193.MP4	1	1	0	L	N		SD	
3	8	KM 1 (64)	Jul	11	22:30	IMG_0194.MP4	1	0	1	R	N		SD	
3	8	KM 1 (64)	Jul	11	22:31	IMG_0195.MP4	2	1,0	2,1	R	N		SD	
3	8	KM 1 (64)	Jul	11	22:31	IMG_0196.MP4	2	0,0	0,1	R	N		SD	
3	8	KM 1 (64)	Jul	11	22:32	IMG_0197.MP4	2	1,0	0,1	R	N	I think this one might be a rat but im not sure it's so huge	SD	
3	8	KM 1 (64)	Jul	11	22:35	IMG_0198.MP4	1	0	0		N		SD	
3	8	KM 1 (64)	Jul	11	22:42	IMG_0199.MP4	1	0	0		N		SD	
3	8	KM 1 (64)	Jul	11	22:43	IMG_0200.MP4	1	1	2		N	basically same interaction	SD	
3	8	KM 1 (64)	Jul	11	22:49	IMG_0201.MP4	1	1	0	L	N		SD	
3	8	KM 1 (64)	Jul	11	22:54	IMG_0202.MP4	2	0	0		N		SD	
3	8	KM 1 (64)	Jul	11	22:55	IMG_0203.MP4	1	0	1	R	N		SD	
3	8	KM 1 (64)	Jul	11	22:57	IMG_0204.MP4	1	0	1	R	N		SD	
3	8	KM 1 (64)	Jul	11	22:58	IMG_0205.MP4	1	0	0		N		SD	
3	8	KM 1 (64)	Jul	11	23:01	IMG_0206.MP4	0	0	0		N		SD	
3	8	KM 1 (64)	Jul	11	23:02	IMG_0207.MP4	0	0	0					
3	8	KM 1 (64)	Jul	11	23:09	IMG_0208.MP4	2	1,0	0,0	L				
3	8	KM 1 (64)	Jul	11	23:14	IMG_0209.MP4	1	0	1	R				
3	8	KM 1 (64)	Jul	11	23:16	IMG_0210.MP4	1	1	0	L				
3	8	KM 1 (64)	Jul	11	23:17	IMG_0211.MP4	1	0	0					
3	8	KM 1 (64)	Jul	11	23:17	IMG_0212.MP4	1	0	0					
3	8	KM 1 (64)	Jul	11	23:26	IMG_0213.MP4	1	0	1	R				
3	8	KM 1 (64)	Jul	11	23:27	IMG_0214.MP4	1	0	1	R		I think same mouse circles back like 4 times		
3	8	KM 1 (64)	Jul	11	23:27	IMG_0215.MP4	1	1	0	L				
3	8	KM 1 (64)	Jul	11	23:28	IMG_0216.MP4	1	0	0					
3	8	KM 1 (64)	Jul	11	23:31	IMG_0217.MP4	1	0	1	R				
3	8	KM 1 (64)	Jul	11	23:31	IMG_0218.MP4	1	0	1	R				
3	8	KM 1 (64)	Jul	11	23:32	IMG_0219.MP4	2	0,0	1,0	R				
3	8	KM 1 (64)	Jul	11	23:33	IMG_0220.MP4	2	0	1,1	R				
3	8	KM 1 (64)	Jul	11	23:37	IMG_0221.MP4	1	0	1	R				
3	8	KM 1 (64)	Jul	11	23:38	IMG_0222.MP4	2	0,0	1,0	R				
3	8	KM 1 (64)	Jul	11	23:40	IMG_0223.MP4	1					right tube not visible		
3	8	KM 1 (64)	Jul	11	23:43	IMG_0224.MP4	1	1	2	R				
3	8	KM 1 (64)	Jul	11	23:47	IMG_0225.MP4	1	0	1	R				
3	8	KM 1 (64)	Jul	12	0:01	IMG_0226.MP4	1	0	1	R				
3	8	KM 1 (64)	Jul	12	0:02	IMG_0227.MP4	0	0	0					
3	8	KM 1 (64)	Jul	12	0:04	IMG_0228.MP4	1	0	1	R				
3	8	KM 1 (64)	Jul	12	0:04	IMG_0229.MP4	1	1	0	L				
3	8	KM 1 (64)	Jul	12	0:09	IMG_0230.MP4	1	0	1	R				
3	8	KM 1 (64)	Jul	12	0:14	IMG_0231.MP4	1	0	0					
3	8	KM 1 (64)	Jul	12	0:25	IMG_0232.MP4	1	1	0	L				
3	8	KM 1 (64)	Jul	12	0:26	IMG_0233.MP4	1	0	0					
3	8	KM 1 (64)	Jul	12	0:27	IMG_0234.MP4	1	0	0					
3	8	KM 1 (64)	Jul	12	0:36	IMG_0235.MP4	1	0	1	R				
3	8	KM 1 (64)	Jul	12	1:03	IMG_0236.MP4	0	0	0					
3	8	KM 1 (64)	Jul	12	1:04	IMG_0237.MP4	0	0	0					
3	8	KM 1 (64)	Jul	12	1:05	IMG_0238.MP4	0	0	0					
3	8	KM 1 (64)	Jul	12	1:17	IMG_0239.MP4	0	0	0					
3	8	KM 1 (64)	Jul	12	1:21	IMG_0240.MP4	1	1	0	L				
3	8	KM 1 (64)	Jul	12	1:23	IMG_0241.MP4	0	0	0					
3	8	KM 1 (64)	Jul	12	1:26	IMG_0242.MP4	2	0,0	1,0	R				
3	8	KM 1 (64)	Jul	12	1:29	IMG_0243.MP4	1	0	1	R				
3	8	KM 1 (64)	Jul	12	1:30	IMG_0244.MP4	0	0	0					
3	8	KM 1 (64)	Jul	12	1:32	IMG_0245.MP4	1	0	0					
3	8	KM 1 (64)	Jul	12	1:35	IMG_0246.MP4	1	0	1	R				
3	8	KM 1 (64)	Jul	12	1:40	IMG_0247.MP4	1	1	0	L				
3	8	KM 1 (64)	Jul	12	1:41	IMG_0248.MP4	0	0	0					
3	8	KM 1 (64)	Jul	12	1:43	IMG_0249.MP4	1	1	0	L				
3	8	KM 1 (64)	Jul	12	1:46	IMG_0250.MP4	1	2	1	R				
3	8	KM 1 (64)	Jul	12	1:48	IMG_0251.MP4	0	0	0					
3	8	KM 1 (64)	Jul	12	1:54	IMG_0252.MP4	1	1	0	L				
3	8	KM 1 (64)	Jul	12	1:56	IMG_0253.MP4	1	1	0	L				
3	8	KM 1 (64)	Jul	12	1:57	IMG_0254.MP4	1	0	0					
3	8	KM 1 (64)	Jul	12	2:13	IMG_0255.MP4	1	0	1	R				
3	8	KM 1 (64)	Jul	12	2:13	IMG_0256.MP4	1	1	0	L				
3	8	KM 1 (64)	Jul	12	2:14	IMG_0257.MP4	1	0	1	R				
3	8	KM 1 (64)	Jul	12	2:17	IMG_0258.MP4	1	1	0	L				
3	8	KM 1 (64)	Jul	12	2:17	IMG_0259.MP4	0	0	0					
3	8	KM 1 (64)	Jul	12	2:30	IMG_0260.MP4	1	0	1	R				
3	8	KM 1 (64)	Jul	12	2:32	IMG_0261.MP4	1	1	0	L				
3	8	KM 1 (64)	Jul	12	2:43	IMG_0262.MP4	1	1	0	L				
3	8	KM 1 (64)	Jul	12	2:44	IMG_0263.MP4	1	0	0					
3	8	KM 1 (64)	Jul	12	2:45	IMG_0264.MP4	0	0	0					
3	8	KM 1 (64)	Jul	12	2:46	IMG_0265.MP4	1	1	0	L				
3	8	KM 1 (64)	Jul	12	2:51	IMG_0266.MP4	1	0	0					
3	8	KM 1 (64)	Jul	12	3:01	IMG_0267.MP4	1	1	0	R				
3	8	KM 1 (64)	Jul	12	3:10	IMG_0268.MP4	1	0	0					
3	8	KM 1 (64)	Jul	12	3:18	IMG_0269.MP4	1	1	0	L				
3	8	KM 1 (64)	Jul	12	3:30	IMG_0270.MP4	1	0	0					
3	8	KM 1 (64)	Jul	12	3:33	IMG_0271.MP4	2	0,1	0,0	L				
3	8	KM 1 (64)	Jul	12	3:34	IMG_0272.MP4	2	1,0	0,0	L				
3	8	KM 1 (64)	Jul	12	3:34	IMG_0273.MP4	1	1	0	L				
3	8	KM 1 (64)	Jul	12	3:41	IMG_0274.MP4	1	0	1	R				
3	8	KM 1 (64)	Jul	12	3:42	IMG_0275.MP4	1	1	0	L				
3	8	KM 1 (64)	Jul	12	4:08	IMG_0276.MP4	1	0	0					
3	8	KM 1 (64)	Jul	12	4:17	IMG_0277.MP4	1	1	0	L				
3	8	KM 1 (64)	Jul	12	4:23	IMG_0278.MP4	1	1	0	L				
3	8	KM 1 (64)	Jul	12	4:47	IMG_0279.MP4	1	1	0	L				
3	8	KM 1 (64)	Jul	12	4:48	IMG_0280.MP4	0	0	0					
3	8	KM 1 (64)	Jul	12	4:48	IMG_0281.MP4	1	1	0	L				
3	8	KM 1 (64)	Jul	12	4:49	IMG_0282.MP4	1	0	0					
3	8	KM 1 (64)	Jul	12	4:55	IMG_0283.MP4	1	1	0	L				
3	8	KM 1 (64)	Jul	12	5:00	IMG_0284.MP4	1	0	1	R				
3	8	KM 1 (64)	Jul	12	5:11	IMG_0285.MP4	1	2	1	R				
3	8	KM 1 (64)	Jul	12	5:11	IMG_0286.MP4	1	1	0	L				
3	8	KM 1 (64)	Jul	12	5:12	IMG_0287.MP4	1	1	0	L				
3	8	KM 1 (64)	Jul	12	5:13	IMG_0288.MP4	0	0	0					
3	8	KM 1 (64)	Jul	12	5:18	IMG_0289.MP4	1	1	0	L				
3	8	KM 1 (64)	Jul	12	5:20	IMG_0290.MP4	0	0	0					
3	8	KM 1 (64)	Jul	12	5:21	IMG_0291.MP4	1	1	0	L				
3	8	KM 1 (64)	Jul	12	5:22	IMG_0292.MP4	1	0	0					
3	8	KM 1 (64)	Jul	12	5:33	IMG_0293.MP4	1	1	0	L				
3	8	KM 1 (64)	Jul	12	5:34	IMG_0294.MP4	1	0	0					
3	8	KM 1 (64)	Jul	12	5:35	IMG_0295.MP4	1	1	2	R			sooo fat	
3	8	KM 1 (64)	Jul	12	5:56	IMG_0296.MP4	1	1	0	L				
3	8	KM 1 (64)	Jul	12	5:56	IMG_0297.MP4	1	1	0	L				
3	8	KM 1 (64)	Jul	12	5:58	IMG_0298.MP4	1	1	0	L			super fat	
3	8	KM 1 (64)	Jul	12	6:00	IMG_0299.MP4	1	1	0	L				
3	8	KM 1 (64)	Jul	12	6:05	IMG_0300.MP4	1	1	2	L			video ended too soon idk	
3	8	KM 1 (64)	Jul	12	6:07	IMG_0301.MP4	1	1	0	L				
3	8	KM 1 (64)	Jul	12	6:27	IMG_0302.MP4	2	1,0	0,0	L				
3	8	KM 1 (64)	Jul	12	6:28	IMG_0303.MP4	1	1	0	L				
3	8	KM 1 (64)	Jul	12	6:28	IMG_0304.MP4	0	0	0					
3	8	KM 1 (64)	Jul	12	6:31	IMG_0305.MP4	0	0	0					
3	8	KM 1 (64)	Jul	12	6:43	IMG_0306.MP4	1	1	0	L				
3	8	KM 1 (64)	Jul	12	6:44	IMG_0307.MP4	1	1	0	L				
3	8	KM 1 (64)	Jul	12	19:09	IMG_0308.MP4	1	0	1	R				
3	8	KM 1 (64)	Jul	12	19:14	IMG_0309.MP4	1	1	0	L				
3	8	KM 1 (64)	Jul	12	19:14	IMG_0310.MP4	0	0	0					
3	8	KM 1 (64)	Jul	12	19:36	IMG_0311.MP4	1	0	0					
3	8	KM 1 (64)	Jul	12	19:50	IMG_0312.MP4	1	1	0	L				
3	8	KM 1 (64)	Jul	12	20:03	IMG_0313.MP4	0	0	0					
3	8	KM 1 (64)	Jul	12	20:15	IMG_0314.MP4	1	1	0	L				
3	8	KM 1 (64)	Jul	12	21:20	IMG_0315.MP4	2	1,1	0,0	L				
3	8	KM 1 (64)	Jul	12	21:20	IMG_0316.MP4	0	0	0					
3	8	KM 1 (64)	Jul	12	21:27	IMG_0317.MP4	0	0	0					
3	8	KM 1 (64)	Jul	12	21:35	IMG_0318.MP4	1	0	0					
3	8	KM 1 (64)	Jul	12	21:49	IMG_0319.MP4	1	1	0	L				
3	8	KM 1 (64)	Jul	12	21:50	IMG_0320.MP4	1	1	0	L			these videos are all shorter than 20s	
3	8	KM 1 (64)	Jul	12	21:50	IMG_0321.MP4	0	0	0				not sure what happened?	
3	8	KM 1 (64)	Jul	12	22:04	IMG_0322.MP4	1	1	0	L				
3	8	KM 1 (64)	Jul	12	22:05	IMG_0323.MP4	1	1	0	L				
3	8	KM 1 (64)	Jul	12	22:06	IMG_0324.MP4	1	1	0	L				
3	8	KM 1 (64)	Jul	12	22:06	IMG_0325.MP4	0	0	0				2sec video ???	
3	8	KM 1 (64)	Jul	12	22:08	IMG_0326.MP4	1	1	0	L				
3	8	KM 1 (64)	Jul	12	22:10	IMG_0327.MP4	1	0	1	R				
3	8	KM 1 (64)	Jul	12	22:10	IMG_0328.MP4	1	1	0	L				
3	8	KM 1 (64)	Jul	12	22:10	IMG_0329.MP4	1	1	0	L				
3	8	KM 1 (64)	Jul	12	22:15	IMG_0330.MP4	1	1	0	L				
3	8	KM 1 (64)	Jul	12	22:16	IMG_0331.MP4	1	0	1	R				
3	8	KM 1 (64)	Jul	12	22:23	IMG_0332.MP4	1	0	0					
3	8	KM 1 (64)	Jul	12	22:30	IMG_0333.MP4	1	1	0	L			seems like camera running out of battery at this point	
3	8	KM 1 (64)	Jul	12	22:30	IMG_0334.MP4	1	1	0	L			but still capturing enough interaction?	
3	8	KM 1 (64)	Jul	12	22:30	IMG_0335.MP4	1	1	0	L				
3	8	KM 1 (64)	Jul	12	22:37	IMG_0336.MP4	0	0	0					
3	8	KM 1 (64)	Jul	12	22:37	IMG_0337.MP4	1	1	0	L				
3	8	KM 1 (64)	Jul	12	22:42	IMG_0338.MP4	1	1	0	L				
3	8	KM 1 (64)	Jul	12	22:42	IMG_0339.MP4	2	0,0	1,0	R				
3	8	KM 1 (64)	Jul	12	22:44	IMG_0340.MP4	1	0	0					
3	8	KM 1 (64)	Jul	12	22:45	IMG_0341.MP4	1	0	0					
3	8	KM 1 (64)	Jul	12	22:55	IMG_0342.MP4	0	0	0					
3	8	KM 1 (64)	Jul	12	22:57	IMG_0343.MP4	1	0	0					
3	8	KM 1 (64)	Jul	12	22:59	IMG_0344.MP4	1	1	0	L				
3	8	KM 1 (64)	Jul	12	23:00	IMG_0345.MP4	1	0	1	R				
3	8	KM 1 (64)	Jul	12	23:00	IMG_0346.MP4	1	0	0					
3	8	KM 1 (64)	Jul	12	23:02	IMG_0347.MP4	1	1	0	L				
3	8	KM 1 (64)	Jul	12	23:02	IMG_0348.MP4	1	1	0	L				
3	8	KM 1 (64)	Jul	12	23:02	IMG_0349.MP4	0	0	0					
3	8	KM 1 (64)	Jul	12	23:14	IMG_0350.MP4	1	0	0					
3	8	KM 1 (64)	Jul	12	23:14	IMG_0351.MP4	1	0	0					
3	8	KM 1 (64)	Jul	12	23:20	IMG_0352.MP4	1	0	1	R				
3	8	KM 1 (64)	Jul	12	23:20	IMG_0353.MP4	2	0	0					
3	8	KM 1 (64)	Jul	12	23:20	IMG_0354.MP4	1	1	0	L				
3	8	KM 1 (64)	Jul	12	23:24	IMG_0355.MP4	1	1	0	L				
3	8	KM 1 (64)	Jul	12	23:24	IMG_0356.MP4	1	0	1	R				
3	8	KM 1 (64)	Jul	12	23:25	IMG_0357.MP4	1	1	0	L				
3	8	KM 1 (64)	Jul	12	23:26	IMG_0358.MP4	1	1	0	L				
3	8	KM 1 (64)	Jul	12	23:30	IMG_0359.MP4	1	0	1	R				
3	8	KM 1 (64)	Jul	12	23:43	IMG_0360.MP4	1	1	0	L				
3	8	KM 1 (64)	Jul	12	23:44	IMG_0361.MP4	1	1	0	L	Y?	I couldn't tell, but the vid was only 3 seconds anyway. rat went L		
3	8	KM 1 (64)	Jul	12	23:53	IMG_0362.MP4	1	0	0					
3	8	KM 1 (64)	Jul	13	0:18	IMG_0363.MP4	1	1	0	L				
3	8	KM 1 (64)	Jul	13	0:20	IMG_0364.MP4	1	1	0	L				
3	8	KM 1 (64)	Jul	13	0:37	IMG_0365.MP4	1	1	0	L				
3	8	KM 1 (64)	Jul	13	0:37	IMG_0366.MP4	1	1	0	L				
3	8	KM 1 (64)	Jul	13	0:37	IMG_0367.MP4	1	0	0					
3	8	KM 1 (64)	Jul	13	0:58	IMG_0368.MP4	1	0	0					
3	8	KM 1 (64)	Jul	13	1:29	IMG_0369.MP4	1	1	0	L				
3	8	KM 1 (64)	Jul	13	1:30	IMG_0370.MP4	1	0	0					
3	8	KM 1 (64)	Jul	13	2:18	IMG_0371.MP4	1	0	1	R				
3	8	KM 1 (64)	Jul	13	2:39	IMG_0372.MP4	1	1	0	L				
3	8	KM 1 (64)	Jul	13	2:40	IMG_0373.MP4	1	1	0	L				
3	8	KM 1 (64)	Jul	13	2:40	IMG_0374.MP4	1	0	0					
3	8	KM 1 (64)	Jul	13	2:41	IMG_0375.MP4	1	0	1	R				
3	8	KM 1 (64)	Jul	13	3:17	IMG_0376.MP4	1	1	0	L				
3	8	KM 1 (64)	Jul	13	3:17	IMG_0377.MP4	0	0	0					
3	8	KM 1 (64)	Jul	13	4:26	IMG_0378.MP4	1	1	0	L				
3	8	KM 1 (64)	Jul	13	4:26	IMG_0379.MP4	1	0	0					
3	8	KM 1 (64)	Jul	13	4:42	IMG_0380.MP4	1	2	1	L?				
3	8	KM 1 (64)	Jul	13	4:42	IMG_0381.MP4	1	1	0	L?				
3	8	KM 1 (64)	Jul	13	4:43	IMG_0382.MP4	1	1	0	L?				
3	8	KM 1 (64)	Jul	13	5:25	IMG_0383.MP4	1	1	0	L?				
3	8	KM 1 (64)	Jul	13	5:25	IMG_0384.MP4	0	0	0					
3	8	KM 1 (64)	Jul	13	5:28	IMG_0385.MP4	0	0	0					
3	8	KM 1 (64)	Jul	13	19:21	IMG_0386.MP4	1	1	0	L				
3	8	KM 1 (64)	Jul	13	19:21	IMG_0387.MP4	1	0	1	R				
3	8	KM 1 (64)	Jul	13	19:27	IMG_0388.MP4	1	1	0	L				
3	8	KM 1 (64)	Jul	13	19:27	IMG_0389.MP4	1	0	0					
3	8	KM 1 (64)	Jul	13	19:35	IMG_0390.MP4	1	0	1	R				
3	8	KM 1 (64)	Jul	13	20:22	IMG_0391.MP4	0	0	0		Y	video is 7 seconds	rat on R tube for 5 seconds	
3	8	KM 1 (64)	Jul	13	20:40	IMG_0392.MP4	1	0	0					
3	8	KM 1 (64)	Jul	13	21:10	IMG_0393.MP4	1	1	0	L				
3	8	KM 1 (64)	Jul	13	21:11	IMG_0394.MP4	1	1	0	L				
3	8	KM 1 (64)	Jul	13	21:28	IMG_0395.MP4	1	0	0					
3	8	KM 1 (64)	Jul	13	22:01	IMG_0396.MP4	1	1	0	L				
3	8	KM 1 (64)	Jul	13	22:02	IMG_0397.MP4	1	1	0	L				
3	8	KM 1 (64)	Jul	13	23:25	IMG_0398.MP4	0	0	0					
3	8	KM 1 (64)	Jul	14	1:21	IMG_0399.MP4	2	0	0					
3	8	KM 1 (64)	Jul	14	3:54	IMG_0400.MP4	1	1	0	L				
3	8	KM 1 (64)	Jul	14	6:13	IMG_0401.MP4	1	0	0					
3	8	KM 1 (64)	Jul	14	19:16	IMG_0402.MP4	1	0	0					
3	8	KM 1 (64)	Jul	14	19:27	IMG_0403.MP4	1	1	0	L				
3	8	KM 1 (64)	Jul	14	21:50	IMG_0404.MP4	1	1	0	L				
3	8	KM 1 (64)	Jul	14	21:51	IMG_0405.MP4	1	1	0	L				
3	8	KM 1 (64)	Jul	14	22:55	IMG_0406.MP4	1	0	0					
3	8	KM 1 (64)	Jul	14	22:55	IMG_0407.MP4	1	1	0	L				
3	8	KM 1 (64)	Jul	14	22:55	IMG_0408.MP4	1	0	0					
3	8	KM 1 (64)	Jul	14	23:31	IMG_0409.MP4	1	1	0	L				
3	8	KM 1 (64)	Jul	15	0:35	IMG_0410.MP4	1	0	0					
3	8	KM 1 (64)	Jul	15	1:00	IMG_0411.MP4	1	1	0	L				
3	8	KM 1 (64)	Jul	15	1:00	IMG_0412.MP4	1	0	0					
3	8	KM 1 (64)	Jul	15	1:34	IMG_0413.MP4	1	0	0					
3	8	KM 1 (64)	Jul	15	1:36	IMG_0414.MP4	1	1	0	L				
3	8	KM 1 (64)	Jul	15	4:10	IMG_0415.MP4	1	1	0	L				
3	8	KM 1 (64)	Jul	15	4:17	IMG_0416.MP4	1	0	0					
3	8	KM 1 (64)	Jul	15	4:17	IMG_0417.MP4	1	0	0					
3	8	KM 1 (64)	Jul	15	4:31	IMG_0418.MP4	1	1	0	L				
3	8	KM 1 (64)	Jul	15	19:51	IMG_0419.MP4	1	1	0	L				
3	8	KM 1 (64)	Jul	15	20:38	IMG_0420.MP4	0	0	0	R	Y			
3	8	KM 1 (64)	Jul	15	20:38	IMG_0421.MP4	0	0	0					
3	8	KM 1 (64)	Jul	15	22:38	IMG_0422.MP4	1	0	0					
3	8	KM 1 (64)	Jul	15	23:52	IMG_0423.MP4	1	0	0					
3	8	KM 1 (64)	Jul	15	23:52	IMG_0424.MP4	1	1	0	L				
3	8	KM 1 (64)	Jul	16	0:19	IMG_0425.MP4	1	0	0					
3	8	KM 1 (64)	Jul	16	1:04	IMG_0426.MP4	1	1	0	L				
3	8	KM 1 (64)	Jul	16	1:05	IMG_0427.MP4	1	0	0					
3	8	KM 1 (64)	Jul	16	5:15	IMG_0428.MP4	1	0	0					
3	8	KM 1 (64)	Jul	16	5:16	IMG_0429.MP4	1	1	0	L				
3	8	KM 1 (64)	Jul	16	5:30	IMG_0430.MP4	0	0	0					
3	8	KM 1 (64)	Jul	19	4:29	IMG_0431.MP4	1	0	0					
3	8	KM 1 (64)	Jul	19	5:38	IMG_0432.MP4	1	0	0					
3	8	KM 1 (64)	Jul	20	0:37	IMG_0433.MP4	1	1	0	L				
3	8	KM 1 (64)	Jul	24	3:00	IMG_0434.MP4	0	0	0		Y			
3	8	KM 1 (64)	Jul	26	21:09	IMG_0435.MP4	1	1	0	L				
3	8	KM 1 (64)	Jul	27	19:04	IMG_0436.MP4	0	0	0		Y			
3	8	KM 1 (64)	Jul	27	19:05	IMG_0437.MP4	0	0	0		Y			
3	8	KM 1 (64)	Jul	27	19:06	IMG_0438.MP4	0	0	0		Y			
9	6	T SanDisk	Jul	9	19:12	IMG_0001.MP4	1	0	0		N			
9	6	T SanDisk	Jul	9	19:23	IMG_0002.MP4	2	0	0		N			
9	6	T SanDisk	Jul	9	19:27	IMG_0003.MP4	1	0	0		N			
9	6	T SanDisk	Jul	9	19:28	IMG_0004.MP4	1	1	0		N			
9	6	T SanDisk	Jul	9	19:29	IMG_0005.MP4	1	1	0		N			
9	6	T SanDisk	Jul	9	19:29	IMG_0006.MP4	1	0	0		N			
9	6	T SanDisk	Jul	9	19:30	IMG_0007.MP4	1	0	0		N			
9	6	T SanDisk	Jul	9	20:13	IMG_0008.MP4	1	1	0		N			
9	6	T SanDisk	Jul	9	20:13	IMG_0009.MP4	0	0	0		N			
9	6	T SanDisk	Jul	9	20:14	IMG_0010.MP4	1	1	0		N			
9	6	T SanDisk	Jul	9	20:15	IMG_0011.MP4	1	1	0		N			
9	6	T SanDisk	Jul	9	20:18	IMG_0012.MP4	1	0	0		N			
9	6	T SanDisk	Jul	9	20:24	IMG_0013.MP4	2	0	0		N			
9	6	T SanDisk	Jul	9	20:35	IMG_0014.MP4	1	0	0		N			
9	6	T SanDisk	Jul	9	21:02	IMG_0015.MP4	1	1	0		N			
9	6	T SanDisk	Jul	9	21:04	IMG_0016.MP4	1	1	0		N			
9	6	T SanDisk	Jul	9	21:05	IMG_0017.MP4	1	1	0		N			
9	6	T SanDisk	Jul	9	21:06	IMG_0018.MP4	1	1	0		N			
9	6	T SanDisk	Jul	9	21:06	IMG_0019.MP4	1	1	0		N			
9	6	T SanDisk	Jul	9	21:07	IMG_0020.MP4	1	1	0		N			
9	6	T SanDisk	Jul	9	21:08	IMG_0021.MP4	1	1	0		N			
9	6	T SanDisk	Jul	9	21:30	IMG_0022.MP4	1	1	0		N			
9	6	T SanDisk	Jul	9	21:30	IMG_0023.MP4	1	0	0		N			
9	6	T SanDisk	Jul	9	21:31	IMG_0024.MP4	0				N			
9	6	T SanDisk	Jul	9	21:32	IMG_0025.MP4	0				N			
9	6	T SanDisk	Jul	9	21:33	IMG_0026.MP4	1	0	0		N			
9	6	T SanDisk	Jul	9	21:34	IMG_0027.MP4	1	1	0		N			
9	6	T SanDisk	Jul	9	21:34	IMG_0028.MP4	1	0	0		N			
9	6	T SanDisk	Jul	9	22:04	IMG_0029.MP4	0				N			
9	6	T SanDisk	Jul	9	22:05	IMG_0030.MP4	1	1	0		N			
9	6	T SanDisk	Jul	9	22:06	IMG_0031.MP4	1	1	0		N			
9	6	T SanDisk	Jul	9	22:06	IMG_0032.MP4	1	1	0		N			
9	6	T SanDisk	Jul	9	22:09	IMG_0033.MP4	1	0	0		N			
9	6	T SanDisk	Jul	9	22:10	IMG_0034.MP4	1	1	0		N			
9	6	T SanDisk	Jul	9	22:11	IMG_0035.MP4	1	0	0		N			
9	6	T SanDisk	Jul	9	22:25	IMG_0036.MP4	0	0	0		N			
9	6	T SanDisk	Jul	9	22:27	IMG_0037.MP4	0	0	0		N			
9	6	T SanDisk	Jul	9	22:28	IMG_0038.MP4	1	1	0		N			
9	6	T SanDisk	Jul	9	22:30	IMG_0039.MP4	0				N			
9	6	T SanDisk	Jul	9	22:32	IMG_0040.MP4	1	1	0		N			
9	6	T SanDisk	Jul	9	22:33	IMG_0041.MP4	1	0	0		N			
9	6	T SanDisk	Jul	9	22:33	IMG_0042.MP4	1	1	0		N			
9	6	T SanDisk	Jul	10	1:06	IMG_0043.MP4	2	1, 0	0, 0		N			
9	6	T SanDisk	Jul	10	1:06	IMG_0044.MP4	2	1, 0 	0,0		N			
9	6	T SanDisk	Jul	10	1:07	IMG_0045.MP4	2	1,1	0,0		N	Very cute, mice hanging out at tube together		
9	6	T SanDisk	Jul	10	1:08	IMG_0046.MP4	1	1	0		N	stares straight at camera		
9	6	T SanDisk	Jul	10	1:09	IMG_0047.MP4	0				N			
9	6	T SanDisk	Jul	10	1:09	IMG_0048.MP4	2	1,1	0,0		N			
9	6	T SanDisk	Jul	10	1:11	IMG_0049.MP4	2	1,1	0,0		N			
9	6	T SanDisk	Jul	10	1:11	IMG_0050.MP4	1	0	0		N			
9	6	T SanDisk	Jul	10	1:13	IMG_0051.MP4	2	0,1	0,0		N			
9	6	T SanDisk	Jul	10	1:24	IMG_0052.MP4	2	0,0	0,0		N			
9	6	T SanDisk	Jul	10	1:25	IMG_0053.MP4	1	1	0		N			
9	6	T SanDisk	Jul	10	1:27	IMG_0054.MP4	1	1	0		N			
9	6	T SanDisk	Jul	10	1:28	IMG_0055.MP4	2	1	0		N			
9	6	T SanDisk	Jul	10	1:29	IMG_0056.MP4	1	1	0		N			
9	6	T SanDisk	Jul	10	1:30	IMG_0057.MP4	2	1,1	0,0	L	N			
9	6	T SanDisk	Jul	10	1:30	IMG_0058.MP4	1	1	0	L	N			
9	6	T SanDisk	Jul	10	1:31	IMG_0059.MP4	1	1	0	L	N			
9	6	T SanDisk	Jul	10	1:32	IMG_0060.MP4	1	1	0	L	N			
9	6	T SanDisk	Jul	10	1:33	IMG_0061.MP4	0	0	0		N			
9	6	T SanDisk	Jul	10	1:34	IMG_0062.MP4	2	1,1	0,0	L	N			
9	6	T SanDisk	Jul	10	1:35	IMG_0063.MP4						same pair, still on L		
9	6	T SanDisk	Jul	10	1:36	IMG_0064.MP4	1	0	0		N			
9	6	T SanDisk	Jul	10	1:37	IMG_0065.MP4	1	1	0	L	N			
9	6	T SanDisk	Jul	10	1:38	IMG_0066.MP4	1	1	0	L	N			
9	6	T SanDisk	Jul	10	1:39	IMG_0067.MP4	1	0	0		N			
9	6	T SanDisk	Jul	10	1:39	IMG_0068.MP4	1	1	0	L	N	kinda looks like same mouse		
9	6	T SanDisk	Jul	10	1:40	IMG_0069.MP4	1	0	0		N			
9	6	T SanDisk	Jul	10	1:40	IMG_0070.MP4	1	0	0		N			
9	6	T SanDisk	Jul	10	1:47	IMG_0071.MP4	1	1	0	L	N			
9	6	T SanDisk	Jul	10	1:48	IMG_0072.MP4	1	1	0	L	N	same mouse		
9	6	T SanDisk	Jul	10	1:55	IMG_0073.MP4	1	1	0	L	N			
9	6	T SanDisk	Jul	10	1:56	IMG_0074.MP4	0	0	0		N			
9	6	T SanDisk	Jul	10	1:56	IMG_0075.MP4	1	0	0	L	N	same mouse		
9	6	T SanDisk	Jul	10	1:57	IMG_0076.MP4	0	0	0		N			
9	6	T SanDisk	Jul	10	2:26	IMG_0077.MP4	0	0	0		N			
9	6	T SanDisk	Jul	10	2:27	IMG_0078.MP4	1	1	0	L	N			
9	6	T SanDisk	Jul	10	2:45	IMG_0079.MP4	1	1	0	L	N	same mouse????		
9	6	T SanDisk	Jul	10	2:45	IMG_0080.MP4	0	0	0		N			
9	6	T SanDisk	Jul	10	2:46	IMG_0081.MP4	1	1	0	L	N	guys i kinda think this is all the same mouse		
9	6	T SanDisk	Jul	10	2:47	IMG_0082.MP4						assuming same mouse		
9	6	T SanDisk	Jul	10	2:48	IMG_0083.MP4						assuming same mouse		
9	6	T SanDisk	Jul	10	2:49	IMG_0084.MP4						assuming same mouse		
9	6	T SanDisk	Jul	10	2:51	IMG_0085.MP4						assuming same mouse		
9	6	T SanDisk	Jul	10	2:52	IMG_0086.MP4						assuming same mouse		
9	6	T SanDisk	Jul	10	2:53	IMG_0087.MP4						assuming same mouse		
9	6	T SanDisk	Jul	10	3:34	IMG_0088.MP4	1	1	0	L	N			
9	6	T SanDisk	Jul	10	3:35	IMG_0089.MP4	0	0	0		N			
9	6	T SanDisk	Jul	10	3:35	IMG_0090.MP4						same mouse/mice; fluctuates between 1-2 feeding from same tube, they don't move anywhere else other than from bush to tube on left side of screen		
9	6	T SanDisk	Jul	10	3:36	IMG_0091.MP4						same mouse/mice		
9	6	T SanDisk	Jul	10	3:37	IMG_0092.MP4						same mouse/mice		
9	6	T SanDisk	Jul	10	3:37	IMG_0093.MP4						same mouse/mice		
9	6	T SanDisk	Jul	10	3:38	IMG_0094.MP4						same mouse/mice		
9	6	T SanDisk	Jul	10	3:38	IMG_0095.MP4						same mouse/mice		
9	6	T SanDisk	Jul	10	3:39	IMG_0096.MP4						same mouse/mice		
9	6	T SanDisk	Jul	10	3:41	IMG_0097.MP4						same mouse/mice		
9	6	T SanDisk	Jul	10	3:42	IMG_0098.MP4						same mouse/mice		
9	6	T SanDisk	Jul	10	3:44	IMG_0099.MP4						same mouse/mice		
9	6	T SanDisk	Jul	10	3:44	IMG_0100.MP4						same mouse/mice		
9	6	T SanDisk	Jul	10	3:46	IMG_0101.MP4						same mouse/mice		
9	6	T SanDisk	Jul	10	3:46	IMG_0102.MP4						same mouse/mice		
9	6	T SanDisk	Jul	10	3:47	IMG_0103.MP4						same mouse/mice		
9	6	T SanDisk	Jul	10	3:57	IMG_0104.MP4						same mouse/mice		
9	6	T SanDisk	Jul	10	3:59	IMG_0105.MP4						same mouse/mice		
9	6	T SanDisk	Jul	10	4:00	IMG_0106.MP4						same mouse/mice		
9	6	T SanDisk	Jul	10	4:01	IMG_0107.MP4						same mouse/mice		
9	6	T SanDisk	Jul	10	4:05	IMG_0108.MP4						same mouse/mice		
9	6	T SanDisk	Jul	10	4:15	IMG_0109.MP4	1	1	0	L	N	NEW MOUSE?		
9	6	T SanDisk	Jul	10	4:16	IMG_0110.MP4	1	0	0		N	no interaction w/ tube		
9	6	T SanDisk	Jul	10	4:20	IMG_0111.MP4	2	0	0		N	no interaction w/ tube		
9	6	T SanDisk	Jul	10	4:21	IMG_0112.MP4	2	1	0	L	N			
9	6	T SanDisk	Jul	10	4:25	IMG_0113.MP4	1	1	0	L	N	could be same mouse		
9	6	T SanDisk	Jul	10	4:26	IMG_0114.MP4	1	1	0	L	N	^		
9	6	T SanDisk	Jul	10	4:28	IMG_0115.MP4	1	1	0	L	N	^		
9	6	T SanDisk	Jul	10	4:28	IMG_0116.MP4	0	0	0		N			
9	6	T SanDisk	Jul	10	4:29	IMG_0117.MP4	1	1	0	L	N	same mouse		
9	6	T SanDisk	Jul	10	6:12	IMG_0118.MP4	0	0	0		N	same mouse		
9	6	T SanDisk	Jul	10	6:14	IMG_0119.MP4	1	1	0	L	N	same mouse		
9	6	T SanDisk	Jul	10	6:17	IMG_0120.MP4	1	1	0	L	N	same mouse		
9	6	T SanDisk	Jul	10	6:18	IMG_0121.MP4						same mouse		
9	6	T SanDisk	Jul	10	6:19	IMG_0122.MP4						same mouse		
9	6	T SanDisk	Jul	10	6:20	IMG_0123.MP4						same mouse		
9	6	T SanDisk	Jul	10	6:20	IMG_0124.MP4						same mouse		
9	6	T SanDisk	Jul	10	6:21	IMG_0125.MP4						same mouse		
9	6	T SanDisk	Jul	10	6:22	IMG_0126.MP4						same mouse		
9	6	T SanDisk	Jul	10	6:24	IMG_0127.MP4						same mouse		
9	6	T SanDisk	Jul	10	6:26	IMG_0128.MP4						same mouse		
9	6	T SanDisk	Jul	10	6:27	IMG_0129.MP4						same mouse		
9	6	T SanDisk	Jul	10	6:27	IMG_0130.MP4						same mouse		
9	6	T SanDisk	Jul	10	6:29	IMG_0131.MP4						same mouse		
9	6	T SanDisk	Jul	10	6:30	IMG_0132.MP4						same mouse		
9	6	T SanDisk	Jul	10	19:53	IMG_0133.MP4	0	0	0		N			
9	6	T SanDisk	Jul	10	19:54	IMG_0134.MP4	2	1,0	0,0	L	N	same mouse?		
9	6	T SanDisk	Jul	10	19:57	IMG_0135.MP4	1	1	0	L	N	same mouse?		
9	6	T SanDisk	Jul	10	20:04	IMG_0136.MP4	1	1	0	L	N	same mouse?		
9	6	T SanDisk	Jul	10	20:05	IMG_0137.MP4						same mouse?		
9	6	T SanDisk	Jul	10	20:05	IMG_0138.MP4						same mouse?		
9	6	T SanDisk	Jul	10	20:06	IMG_0139.MP4						same mouse?		
9	6	T SanDisk	Jul	10	20:09	IMG_0140.MP4						same mouse?		
9	6	T SanDisk	Jul	10	20:10	IMG_0141.MP4	0	0	0		N			
9	6	T SanDisk	Jul	10	20:12	IMG_0142.MP4	1	1	0		N	Bot mouse (BM)		
9	6	T SanDisk	Jul	10	20:13	IMG_0143.MP4						Bot mouse + mouse friend that didn't interact w tube		
9	6	T SanDisk	Jul	10	20:14	IMG_0144.MP4	1	0	0		N	BM?		
9	6	T SanDisk	Jul	10	20:15	IMG_0145.MP4	1	0	0		N	BM?		
9	6	T SanDisk	Jul	10	20:16	IMG_0146.MP4	1	1	0	L	N	BM		
9	6	T SanDisk	Jul	10	20:20	IMG_0147.MP4	1	1	0	L	N	BM		
9	6	T SanDisk	Jul	10	20:21	IMG_0148.MP4	1	0	0		N	BM?		
9	6	T SanDisk	Jul	10	20:29	IMG_0149.MP4	1	1	0	L	N	BM		
9	6	T SanDisk	Jul	10	20:31	IMG_0150.MP4	1	1	0	L	N	BM		
9	6	T SanDisk	Jul	10	20:32	IMG_0151.MP4	1	1	0	L	N	BM		
9	6	T SanDisk	Jul	10	20:35	IMG_0152.MP4	0	0	0		N			
9	6	T SanDisk	Jul	10	20:43	IMG_0153.MP4	1	0	0		N			
9	6	T SanDisk	Jul	10	20:45	IMG_0154.MP4	1	1	0	L	N	BM		
9	6	T SanDisk	Jul	10	20:47	IMG_0155.MP4	1	1	0	L	N	BM		
9	6	T SanDisk	Jul	10	20:49	IMG_0156.MP4	1	1	0	L	N	BM		
9	6	T SanDisk	Jul	10	21:31	IMG_0157.MP4	1	1	0	L	N	BM		
9	6	T SanDisk	Jul	10	21:33	IMG_0158.MP4	1	1	0	L	N	BM		
9	6	T SanDisk	Jul	10	21:36	IMG_0159.MP4	1	1	0	L	N	BM		
9	6	T SanDisk	Jul	10	21:37	IMG_0160.MP4	1	1	0	L	N	BM		
9	6	T SanDisk	Jul	10	22:13	IMG_0161.MP4	1	1	0	L	N	lowkey still bot mouse		
9	6	T SanDisk	Jul	10	22:17	IMG_0162.MP4	1	0	0		N			
9	6	T SanDisk	Jul	10	22:18	IMG_0163.MP4						BM		
9	6	T SanDisk	Jul	10	23:20	IMG_0164.MP4						BM		
9	6	T SanDisk	Jul	10	23:21	IMG_0165.MP4	1	0	0		N	BM		
9	6	T SanDisk	Jul	10	23:24	IMG_0166.MP4						BM		
9	6	T SanDisk	Jul	10	23:29	IMG_0167.MP4						BM		
9	6	T SanDisk	Jul	10	23:36	IMG_0168.MP4						BM		
9	6	T SanDisk	Jul	10	23:37	IMG_0169.MP4						BM - no interaction w tube		
9	6	T SanDisk	Jul	10	23:38	IMG_0170.MP4						BM - no interaction w tube		
9	6	T SanDisk	Jul	10	23:42	IMG_0171.MP4						BM - no interaction w tube		
9	6	T SanDisk	Jul	10	23:44	IMG_0172.MP4						BM		
9	6	T SanDisk	Jul	10	23:45	IMG_0173.MP4						BM - no interaction w tube		
9	6	T SanDisk	Jul	10	23:47	IMG_0174.MP4						BM		
9	6	T SanDisk	Jul	11	1:21	IMG_0175.MP4	1	1	0	L	N	lowkey skinnier than BM		
9	6	T SanDisk	Jul	11	1:21	IMG_0176.MP4	0	0	0		N			
9	6	T SanDisk	Jul	11	1:25	IMG_0177.MP4	1	1	0	L	N	Skinny BM	*skinny BM might just be BM...I can't tell	
9	6	T SanDisk	Jul	11	1:26	IMG_0178.MP4	1	1	0	L	N	Skinny BM		
9	6	T SanDisk	Jul	11	1:26	IMG_0179.MP4						Skinny BM		
9	6	T SanDisk	Jul	11	1:27	IMG_0180.MP4						Skinny BM		
9	6	T SanDisk	Jul	11	2:39	IMG_0181.MP4						mysterious thing lurking in corner		
9	6	T SanDisk	Jul	11	2:47	IMG_0182.MP4						mysterious thing lurking in corner		
9	6	T SanDisk	Jul	11	2:48	IMG_0183.MP4						Skinny BM		
9	6	T SanDisk	Jul	11	2:49	IMG_0184.MP4						Skinny BM		
9	6	T SanDisk	Jul	11	2:50	IMG_0185.MP4						nada		
9	6	T SanDisk	Jul	11	2:51	IMG_0186.MP4						Skinny BM		
9	6	T SanDisk	Jul	11	3:14	IMG_0187.MP4						Skinny BM		
9	6	T SanDisk	Jul	11	3:18	IMG_0188.MP4						Skinny BM		
9	6	T SanDisk	Jul	11	3:19	IMG_0189.MP4						Skinny BM		
9	6	T SanDisk	Jul	11	3:20	IMG_0190.MP4						Skinny BM		
9	6	T SanDisk	Jul	11	3:28	IMG_0191.MP4						Skinny BM		
9	6	T SanDisk	Jul	11	3:50	IMG_0192.MP4						Skinny BM		
9	6	T SanDisk	Jul	11	3:51	IMG_0193.MP4						Skinny BM		
9	6	T SanDisk	Jul	11	3:51	IMG_0194.MP4						Skinny BM		
9	6	T SanDisk	Jul	11	3:52	IMG_0195.MP4						Skinny BM		
9	6	T SanDisk	Jul	11	3:57	IMG_0196.MP4						Skinny BM		
9	6	T SanDisk	Jul	11	3:57	IMG_0197.MP4						Skinny BM		
9	6	T SanDisk	Jul	11	4:01	IMG_0198.MP4						Skinny BM		
9	6	T SanDisk	Jul	11	4:01	IMG_0199.MP4						Skinny BM		
9	6	T SanDisk	Jul	11	4:09	IMG_0200.MP4						Skinny BM		
9	6	T SanDisk	Jul	11	4:12	IMG_0201.MP4	1	0	1	R	N	FINALLYY WENT TO OTHER TUBE -- just paused and sniffed but still		
9	6	T SanDisk	Jul	11	4:35	IMG_0202.MP4	1	1	0	L	N	and we're back. -- probably BM		
9	6	T SanDisk	Jul	11	4:44	IMG_0203.MP4						and we're back. -- probably BM		
9	6	T SanDisk	Jul	11	4:45	IMG_0204.MP4						and we're back. -- probably BM		
9	6	T SanDisk	Jul	11	5:30	IMG_0205.MP4						and we're back. -- probably BM		
9	6	T SanDisk	Jul	11	5:31	IMG_0206.MP4						and we're back. -- probably BM		
9	6	T SanDisk	Jul	11	5:35	IMG_0207.MP4						and we're back. -- probably BM		
9	6	T SanDisk	Jul	11	5:37	IMG_0208.MP4						and we're back. -- probably BM		
9	6	T SanDisk	Jul	11	5:41	IMG_0209.MP4						and we're back. -- probably BM		
9	6	T SanDisk	Jul	11	5:45	IMG_0210.MP4						and we're back. -- probably BM		
9	6	T SanDisk	Jul	11	5:49	IMG_0211.MP4						and we're back. -- probably BM		
9	6	T SanDisk	Jul	11	6:26	IMG_0212.MP4	0	0	0		N	something mischevious in corner		
9	6	T SanDisk	Jul	11	19:16	IMG_0213.MP4	0	0	0		N	FOGGY		
9	6	T SanDisk	Jul	11	19:58	IMG_0214.MP4	1	0	1	R	N	FOGGY	Mouse x?	
9	6	T SanDisk	Jul	11	20:00	IMG_0215.MP4	1	0	1	R	N	FOGGY	Mouse x?	
9	6	T SanDisk	Jul	11	20:03	IMG_0216.MP4	?	1	0	L	?	FOGGY	RAT??????? -->	
9	6	T SanDisk	Jul	11	21:25	IMG_0217.MP4	1	0	1	R	N	FOGGY	Mouse x?	
9	6	T SanDisk	Jul	12	0:24	IMG_0218.MP4	1	0	0		N	FOGGY		
9	6	T SanDisk	Jul	12	0:26	IMG_0219.MP4	2	0,0	1,0	R	N	FOGGY	Mouse x?	
9	6	T SanDisk	Jul	12	0:53	IMG_0220.MP4	1	0	1	R	N	FOGGY	Mouse x?	
9	6	T SanDisk	Jul	12	0:53	IMG_0221.MP4	1	0	0		N	FOGGY		
9	6	T SanDisk	Jul	12	0:54	IMG_0222.MP4	1	0	1	R	N	FOGGY	Mouse x?	
9	6	T SanDisk	Jul	12	0:57	IMG_0223.MP4	1	0	0		N	FOGGY	Mouse started freaking all about	
9	6	T SanDisk	Jul	12	0:58	IMG_0224.MP4	1	0	0		N	FOGGY		
9	6	T SanDisk	Jul	12	1:02	IMG_0225.MP4	1	0	1	R	N	FOGGY	mouse x?	
9	6	T SanDisk	Jul	12	1:03	IMG_0226.MP4	0	0	0		N	FOGGY		
9	6	T SanDisk	Jul	12	1:06	IMG_0227.MP4	1	0	0		N	FOGGY		
9	6	T SanDisk	Jul	12	1:08	IMG_0228.MP4	1	0	1	R	N	FOGGY	mouse x?	
9	6	T SanDisk	Jul	12	2:40	IMG_0229.MP4	1	0	1	R	N	FOGGY	mouse x?	
9	6	T SanDisk	Jul	12	2:43	IMG_0230.MP4	0	0	0		N	FOGGY		
9	6	T SanDisk	Jul	12	2:46	IMG_0231.MP4	1	0	1	R	N	FOGGY	mouse x?	
9	6	T SanDisk	Jul	12	2:51	IMG_0232.MP4	2	0,0	0,1	R	N	FOGGY	mouse x + friend?	
9	6	T SanDisk	Jul	12	2:52	IMG_0233.MP4	1	0	1	R	N	FOGGY	mouse x?	
9	6	T SanDisk	Jul	12	2:53	IMG_0234.MP4	1	0	1	R	N	FOGGY	mouse x?	
9	6	T SanDisk	Jul	12	2:54	IMG_0235.MP4	1	1	2	R	N	FOGGY	mouse x?	
9	6	T SanDisk	Jul	12	2:58	IMG_0236.MP4	1	0	1	R	N	FOGGY	mouse x?	
9	6	T SanDisk	Jul	12	2:59	IMG_0237.MP4	1	0	0		N			
9	6	T SanDisk	Jul	12	3:07	IMG_0238.MP4	1	0	1	R	N		mouse x?	
9	6	T SanDisk	Jul	12	3:08	IMG_0239.MP4	1	0	1	R	N		mouse x?	
9	6	T SanDisk	Jul	12	3:12	IMG_0240.MP4	1	0	1	R	N		mouse x?	
9	6	T SanDisk	Jul	12	3:44	IMG_0241.MP4	1	0	1	R	N		mouse x?	
9	6	T SanDisk	Jul	12	3:44	IMG_0242.MP4	1	0	0		N		mouse x?	
9	6	T SanDisk	Jul	12	3:45	IMG_0243.MP4	1	0	1	R	N		mouse x?	
9	6	T SanDisk	Jul	12	3:45	IMG_0244.MP4	1	0	0		N		mouse x?	
9	6	T SanDisk	Jul	12	4:13	IMG_0245.MP4	1	0	1	R	N		mouse x?	
9	6	T SanDisk	Jul	12	4:30	IMG_0246.MP4	1	0	1	R	N		mouse x?	
9	6	T SanDisk	Jul	12	4:31	IMG_0247.MP4	1	0	0		N		mouse x?	
9	6	T SanDisk	Jul	12	4:34	IMG_0248.MP4	1	1	2	R	N		mouse x?	
9	6	T SanDisk	Jul	12	4:39	IMG_0249.MP4	1	0	0		N		mouse x?	
9	6	T SanDisk	Jul	12	4:39	IMG_0250.MP4	1	0	1	R	N		mouse x?	
9	6	T SanDisk	Jul	12	4:40	IMG_0251.MP4	1	0	1	R	N		mouse x?	
9	6	T SanDisk	Jul	12	4:40	IMG_0252.MP4							mouse x?	
9	6	T SanDisk	Jul	12	4:40	IMG_0253.MP4							mouse x?	
9	6	T SanDisk	Jul	12	4:42	IMG_0254.MP4							mouse x?	
9	6	T SanDisk	Jul	12	4:43	IMG_0255.MP4							mouse x?	
9	6	T SanDisk	Jul	12	4:43	IMG_0256.MP4							mouse x?	
9	6	T SanDisk	Jul	12	4:45	IMG_0257.MP4							mouse x?	
9	6	T SanDisk	Jul	12	4:53	IMG_0258.MP4							mouse x?	
9	6	T SanDisk	Jul	12	4:54	IMG_0259.MP4							mouse x?	
9	6	T SanDisk	Jul	12	4:58	IMG_0260.MP4							mouse x?	
9	6	T SanDisk	Jul	12	5:00	IMG_0261.MP4							mouse x?	
9	6	T SanDisk	Jul	12	5:09	IMG_0262.MP4							mouse x?	
9	6	T SanDisk	Jul	12	5:13	IMG_0263.MP4							mouse x?	
9	6	T SanDisk	Jul	12	5:14	IMG_0264.MP4							mouse x?	
9	6	T SanDisk	Jul	12	5:23	IMG_0265.MP4							mouse x?	
9	6	T SanDisk	Jul	12	5:24	IMG_0266.MP4							mouse x?	
9	6	T SanDisk	Jul	12	5:31	IMG_0267.MP4							mouse x?	
9	6	T SanDisk	Jul	12	5:33	IMG_0268.MP4							mouse x?	
9	6	T SanDisk	Jul	12	5:35	IMG_0269.MP4							mouse x?	
9	6	T SanDisk	Jul	12	5:36	IMG_0270.MP4							mouse x?	
9	6	T SanDisk	Jul	12	5:43	IMG_0271.MP4							mouse x?	
9	6	T SanDisk	Jul	12	5:56	IMG_0272.MP4							mouse x?	
9	6	T SanDisk	Jul	12	5:56	IMG_0273.MP4							mouse x?	
9	6	T SanDisk	Jul	12	5:59	IMG_0274.MP4							mouse x?	
9	6	T SanDisk	Jul	12	6:00	IMG_0275.MP4							mouse x?	
9	6	T SanDisk	Jul	12	6:02	IMG_0276.MP4							mouse x?	
9	6	T SanDisk	Jul	12	6:06	IMG_0277.MP4							mouse x?	
9	6	T SanDisk	Jul	12	6:07	IMG_0278.MP4							mouse x?	
9	6	T SanDisk	Jul	12	6:17	IMG_0279.MP4							mouse x?	
9	6	T SanDisk	Jul	12	6:19	IMG_0280.MP4							mouse x?	
9	6	T SanDisk	Jul	12	6:20	IMG_0281.MP4							mouse x?	
9	6	T SanDisk	Jul	12	19:48	IMG_0282.MP4	1	0	1	R	N		mouse x?	
9	6	T SanDisk	Jul	12	19:49	IMG_0283.MP4	1	0	1	R	N		mouse x?	
9	6	T SanDisk	Jul	12	20:00	IMG_0284.MP4	1	0	1	R	N		mouse x?	
9	6	T SanDisk	Jul	12	20:05	IMG_0285.MP4	1	0	0		N		mouse x?	
9	6	T SanDisk	Jul	12	20:12	IMG_0286.MP4	1	0	1	R	N		mouse x?	
9	6	T SanDisk	Jul	12	20:36	IMG_0287.MP4	1	0	1	R	N		mouse x?	
9	6	T SanDisk	Jul	12	20:37	IMG_0288.MP4	1	0	0		N		mouse x?	
9	6	T SanDisk	Jul	12	20:46	IMG_0289.MP4	1	0	0		N		mouse x?	
9	6	T SanDisk	Jul	12	20:48	IMG_0290.MP4	1	0	1	R	N		mouse x?	
9	6	T SanDisk	Jul	12	21:00	IMG_0291.MP4	1	0	0	R	N		mouse x?	
9	6	T SanDisk	Jul	12	23:15	IMG_0292.MP4	1	0	1	R	N		mouse x?	
9	6	T SanDisk	Jul	12	23:56	IMG_0293.MP4	1	0	1	R	N		mouse x?	
9	6	T SanDisk	Jul	12	23:57	IMG_0294.MP4						nothin		
9	6	T SanDisk	Jul	13	1:47	IMG_0295.MP4	1	0	1	R	N			
9	6	T SanDisk	Jul	13	1:47	IMG_0296.MP4	1	0	0		N	mouse ran out screen quick at beginning		
9	6	T SanDisk	Jul	13	2:00	IMG_0297.MP4	1	0	1	R	N			
9	6	T SanDisk	Jul	13	2:11	IMG_0298.MP4	1	0	1	R	N			
9	6	T SanDisk	Jul	13	2:18	IMG_0299.MP4	1	0	0		N			
9	6	T SanDisk	Jul	13	2:28	IMG_0300.MP4	1	0	1	R	N			
9	6	T SanDisk	Jul	13	2:28	IMG_0301.MP4						indistinguishable		
9	6	T SanDisk	Jul	13	2:30	IMG_0302.MP4	1	0	1	R	N			
9	6	T SanDisk	Jul	13	2:31	IMG_0303.MP4	1	0	1	R	N			
9	6	T SanDisk	Jul	13	2:36	IMG_0304.MP4	1	0,0	1,0	R	N	2nd mouse didnt interact w tubes		
9	6	T SanDisk	Jul	13	2:41	IMG_0305.MP4	2	0,0	1,1	R	N			
9	6	T SanDisk	Jul	13	2:41	IMG_0306.MP4	1	0	1	R	N			
9	6	T SanDisk	Jul	13	2:42	IMG_0307.MP4	2	0,0	1,0	R	N	2nd mouse didnt interact w tubes		
9	6	T SanDisk	Jul	13	2:45	IMG_0308.MP4	1	0	1	R	N			
9	6	T SanDisk	Jul	13	2:48	IMG_0309.MP4	1	0	0		N			
9	6	T SanDisk	Jul	13	2:50	IMG_0310.MP4	1	0	1	R	N			
9	6	T SanDisk	Jul	13	3:17	IMG_0311.MP4	1	1	2	L	N			
9	6	T SanDisk	Jul	13	3:20	IMG_0312.MP4	1	0	1	R	N			
9	6	T SanDisk	Jul	13	3:20	IMG_0313.MP4					nothin			
9	6	T SanDisk	Jul	13	3:27	IMG_0314.MP4	1	0	1	R	N			
9	6	T SanDisk	Jul	13	3:36	IMG_0315.MP4	1	0	1	R	N			
9	6	T SanDisk	Jul	13	3:41	IMG_0316.MP4	1	0	0	R	N			
9	6	T SanDisk	Jul	13	3:45	IMG_0317.MP4	1	0	0		N			
9	6	T SanDisk	Jul	13	3:49	IMG_0318.MP4	1	0	1	R	N			
9	6	T SanDisk	Jul	13	3:51	IMG_0319.MP4	1	0	1	R	N			
9	6	T SanDisk	Jul	13	3:51	IMG_0320.MP4	1	0	0		N			
9	6	T SanDisk	Jul	13	3:56	IMG_0321.MP4	1	0	1	R	N			
9	6	T SanDisk	Jul	13	4:01	IMG_0322.MP4	1	0	1	R	N			
9	6	T SanDisk	Jul	13	4:28	IMG_0323.MP4						nothin		
9	6	T SanDisk	Jul	13	4:29	IMG_0324.MP4	1	0	0		N			
9	6	T SanDisk	Jul	13	4:33	IMG_0325.MP4	1	0	1	R	N			
9	6	T SanDisk	Jul	13	4:36	IMG_0326.MP4	1	0	0		N			
9	6	T SanDisk	Jul	13	4:43	IMG_0327.MP4	1	0	0		N			
9	6	T SanDisk	Jul	13	4:45	IMG_0328.MP4	1	0	1	R	N			
9	6	T SanDisk	Jul	13	4:46	IMG_0329.MP4	1	0	1	R	N			
9	6	T SanDisk	Jul	13	4:47	IMG_0330.MP4	1	0	0		N			
9	6	T SanDisk	Jul	13	4:47	IMG_0331.MP4	1	0	0		N			
9	6	T SanDisk	Jul	13	4:49	IMG_0332.MP4	1	0	1	R	N			
9	6	T SanDisk	Jul	13	5:02	IMG_0333.MP4	1	0	1	R	N			
9	6	T SanDisk	Jul	13	5:13	IMG_0334.MP4	1	0	1	R	N			
9	6	T SanDisk	Jul	13	5:28	IMG_0335.MP4	1	0	1	R	N			
9	6	T SanDisk	Jul	13	5:29	IMG_0336.MP4						nothin		
9	6	T SanDisk	Jul	13	5:56	IMG_0337.MP4	1	0	1	R	N			
9	6	T SanDisk	Jul	13	5:57	IMG_0338.MP4						nothin		
9	6	T SanDisk	Jul	13	5:58	IMG_0339.MP4						nothin		
9	6	T SanDisk	Jul	13	5:59	IMG_0340.MP4	1	0	1	R	N			
9	6	T SanDisk	Jul	13	19:08	IMG_0341.MP4	0	1	0	L	Y	RATTTTTTTTTTTTTTTT	Dude was getting ALLLLL up in there	
9	6	T SanDisk	Jul	13	19:08	IMG_0342.MP4	0	0	0		Y	RATRATRATRAT	looked like shawty was eating some leftover bait that had spilled out of (L?) tube	
9	6	T SanDisk	Jul	13	19:08	IMG_0343.MP4						nothin		
9	6	T SanDisk	Jul	13	19:25	IMG_0344.MP4	0	2	1	R	Y	RATTTTTTTT (except probably same rat as below)	Shawty sniffed around R then went to L then left L and then went back at end of vid	
9	6	T SanDisk	Jul	13	20:52	IMG_0345.MP4	1	0	1	R	N			
9	6	T SanDisk	Jul	13	20:52	IMG_0346.MP4	1	0	0		N			
9	6	T SanDisk	Jul	13	20:55	IMG_0347.MP4	1	0	1	R	N	ate shtuff		
9	6	T SanDisk	Jul	13	21:11	IMG_0348.MP4	1	0	1	R	N	briefly sniffed right one		
9	6	T SanDisk	Jul	13	21:27	IMG_0349.MP4	1	0	0		N	merped around near the left one		
9	6	T SanDisk	Jul	13	21:43	IMG_0350.MP4	1	0	1	R	N			
9	6	T SanDisk	Jul	13	22:40	IMG_0351.MP4	1	0	0		N	merp		
9	6	T SanDisk	Jul	13	22:41	IMG_0352.MP4	1	1	0	L	N			
9	6	T SanDisk	Jul	13	23:22	IMG_0353.MP4	1	0	0		N			
9	6	T SanDisk	Jul	13	23:23	IMG_0354.MP4	1	0	1	R	N			
9	6	T SanDisk	Jul	14	0:34	IMG_0355.MP4	1	0	1	R	N			
9	6	T SanDisk	Jul	14	0:35	IMG_0356.MP4	1	0	1	R	N			
9	6	T SanDisk	Jul	14	1:16	IMG_0357.MP4	1	0	0		N			
9	6	T SanDisk	Jul	14	1:17	IMG_0358.MP4	1	0	1	R	N			
9	6	T SanDisk	Jul	14	2:56	IMG_0359.MP4	1	0	0		N			
9	6	T SanDisk	Jul	14	3:04	IMG_0360.MP4	1	0	1	R	N			
9	6	T SanDisk	Jul	14	3:26	IMG_0361.MP4	1	0	1	R	N			
9	6	T SanDisk	Jul	14	3:41	IMG_0362.MP4	1	0	1	R	N	no eating just vibing		
9	6	T SanDisk	Jul	14	3:41	IMG_0363.MP4	1	0	1	R	N	no eating just vibing		
9	6	T SanDisk	Jul	14	3:42	IMG_0364.MP4	1	0	1	R	N			
9	6	T SanDisk	Jul	14	4:10	IMG_0365.MP4						nothin		
9	6	T SanDisk	Jul	14	4:10	IMG_0366.MP4						nothin		
9	6	T SanDisk	Jul	14	4:18	IMG_0367.MP4	1	0	1	R	N	8 sec		
9	6	T SanDisk	Jul	14	4:19	IMG_0368.MP4	2	0,0	1,1	R	N	freak mouse BOING		
9	6	T SanDisk	Jul	14	4:19	IMG_0369.MP4						2 sec - mouse near R tube		
9	6	T SanDisk	Jul	14	4:20	IMG_0370.MP4						2 sec - mouse near R tube		
9	6	T SanDisk	Jul	14	4:20	IMG_0371.MP4						1 sec - mouse near R tube tho		
9	6	T SanDisk	Jul	14	4:20	IMG_0372.MP4						too short		
9	6	T SanDisk	Jul	14	4:45	IMG_0373.MP4	1	0	1	R	N	11 sec		
9	6	T SanDisk	Jul	14	4:45	IMG_0374.MP4						nothin		
9	6	T SanDisk	Jul	14	4:58	IMG_0375.MP4	1	0	1	R	N	7 sec		
9	6	T SanDisk	Jul	14	4:59	IMG_0376.MP4						nothin		
9	6	T SanDisk	Jul	14	5:33	IMG_0377.MP4	1	0	0		N			
9	6	T SanDisk	Jul	14	5:54	IMG_0378.MP4	1	0	1	R	N	9 sec vid		
9	6	T SanDisk	Jul	14	5:55	IMG_0379.MP4	2	0	1	R	N	4 sec vid; second mouse didnt interact		
9	6	T SanDisk	Jul	14	5:56	IMG_0380.MP4	1	0	0		N	2 sec		
9	6	T SanDisk	Jul	14	19:49	IMG_0381.MP4	1	0	1	R	N	probably same rat in next clip		
9	6	T SanDisk	Jul	14	19:51	IMG_0382.MP4	1	0	1	R	N	10 sec		
9	6	T SanDisk	Jul	14	20:36	IMG_0383.MP4	1	0	1	R	N	13 sec		
9	6	T SanDisk	Jul	14	20:36	IMG_0384.MP4						indistinguishable		
9	6	T SanDisk	Jul	14	20:51	IMG_0385.MP4						nothing		
9	6	T SanDisk	Jul	14	20:53	IMG_0386.MP4	1	0	1	R	N	4 sec		
9	6	T SanDisk	Jul	14	20:54	IMG_0387.MP4						too short		
9	6	T SanDisk	Jul	14	20:56	IMG_0388.MP4	1	0	1	R	N	3 sec		
9	6	T SanDisk	Jul	14	22:06	IMG_0389.MP4	1	0	1	R	N	8 sec		
9	6	T SanDisk	Jul	14	22:07	IMG_0390.MP4						too short		
9	6	T SanDisk	Jul	14	22:07	IMG_0391.MP4						too short		
9	6	T SanDisk	Jul	14	22:07	IMG_0392.MP4						too short		
9	6	T SanDisk	Jul	15	0:32	IMG_0393.MP4	1	0	1	R	N	8 sec		
9	6	T SanDisk	Jul	15	0:32	IMG_0394.MP4	1	0	0		N	2 sec		
9	6	T SanDisk	Jul	15	0:33	IMG_0395.MP4						too short		
9	6	T SanDisk	Jul	15	0:46	IMG_0396.MP4	1	0	0		N	4 sec		
9	6	T SanDisk	Jul	15	0:46	IMG_0397.MP4	1	0	1	R	N	2 sec vid		
9	6	T SanDisk	Jul	15	0:46	IMG_0398.MP4						too short		
9	6	T SanDisk	Jul	15	0:49	IMG_0399.MP4						too short		
9	6	T SanDisk	Jul	15	0:49	IMG_0400.MP4						too short		
9	6	T SanDisk	Jul	15	0:58	IMG_0401.MP4	1	0	1	R	N	3 sec		
9	6	T SanDisk	Jul	15	0:59	IMG_0402.MP4						too short		
9	6	T SanDisk	Jul	15	1:19	IMG_0403.MP4						too short		
9	6	T SanDisk	Jul	15	1:19	IMG_0404.MP4						too short		
9	6	T SanDisk	Jul	15	1:28	IMG_0405.MP4						too short		
9	6	T SanDisk	Jul	15	1:28	IMG_0406.MP4						too short		
9	6	T SanDisk	Jul	15	1:29	IMG_0407.MP4						too short		
9	6	T SanDisk	Jul	15	1:35	IMG_0408.MP4						too short		
9	6	T SanDisk	Jul	15	1:35	IMG_0409.MP4						too short		
9	6	T SanDisk	Jul	15	2:25	IMG_0410.MP4	1	0	1	R	N	3 secs		
9	6	T SanDisk	Jul	15	3:37	IMG_0411.MP4	1	0	1	R	N	4 secs		
9	6	T SanDisk	Jul	15	3:37	IMG_0412.MP4						too short		
9	6	T SanDisk	Jul	15	3:38	IMG_0413.MP4						too short		
9	6	T SanDisk	Jul	15	3:39	IMG_0414.MP4	1	0	1	R	N	1 sec -- too short		
9	6	T SanDisk	Jul	15	3:56	IMG_0415.MP4	1	0	1	R	N	2 sec -- too short		
9	6	T SanDisk	Jul	15	3:57	IMG_0416.MP4						too short		
9	6	T SanDisk	Jul	15	4:14	IMG_0417.MP4						too short		
9	6	T SanDisk	Jul	15	4:14	IMG_0418.MP4						too short		
9	6	T SanDisk	Jul	15	4:15	IMG_0419.MP4						too short		
9	6	T SanDisk	Jul	15	4:15	IMG_0420.MP4						too short		
9	6	T SanDisk	Jul	15	4:15	IMG_0421.MP4						too short		
9	6	T SanDisk	Jul	15	4:15	IMG_0422.MP4						too short		
9	6	T SanDisk	Jul	15	4:15	IMG_0423.MP4						too short		
9	6	T SanDisk	Jul	15	4:16	IMG_0424.MP4						too short		
9	6	T SanDisk	Jul	15	4:18	IMG_0425.MP4						too short		
9	6	T SanDisk	Jul	15	4:19	IMG_0426.MP4						too short		
9	6	T SanDisk	Jul	15	4:19	IMG_0427.MP4						too short		
9	6	T SanDisk	Jul	15	4:31	IMG_0428.MP4	1	0	1	R	N	1 sec -- too short		
9	6	T SanDisk	Jul	15	4:31	IMG_0429.MP4						too short		
9	6	T SanDisk	Jul	15	4:38	IMG_0430.MP4	1	0	1	R	N	1 sec -- too short		
9	6	T SanDisk	Jul	15	4:38	IMG_0431.MP4						too short		
9	6	T SanDisk	Jul	15	4:46	IMG_0432.MP4						too short		
9	6	T SanDisk	Jul	15	4:47	IMG_0433.MP4						too short		
9	6	T SanDisk	Jul	15	4:52	IMG_0434.MP4						too short		
9	6	T SanDisk	Jul	15	4:56	IMG_0435.MP4						too short		
9	6	T SanDisk	Jul	15	4:57	IMG_0436.MP4						too short		
9	6	T SanDisk	Jul	15	5:25	IMG_0437.MP4						too short		
9	6	T SanDisk	Jul	15	5:25	IMG_0438.MP4						too short		
9	6	T SanDisk	Jul	15	5:26	IMG_0439.MP4						too short		
9	6	T SanDisk	Jul	15	5:34	IMG_0440.MP4	1	0	1	R	N			
9	6	T SanDisk	Jul	15	5:34	IMG_0441.MP4	1	0	1	R	N			
9	6	T SanDisk	Jul	15	5:54	IMG_0442.MP4	1	0	0		N	1 sec -- too short		
9	6	T SanDisk	Jul	15	5:54	IMG_0443.MP4	1	0	0		N			
9	6	T SanDisk	Jul	15	6:27	IMG_0444.MP4	1	0	1	R	N			
9	6	T SanDisk	Jul	15	19:02	IMG_0445.MP4						nothing		
9	6	T SanDisk	Jul	15	21:58	IMG_0446.MP4						nothing		
9	6	T SanDisk	Jul	15	23:28	IMG_0447.MP4	1	2	1		N	hardly spent any time at either tbh		
9	6	T SanDisk	Jul	16	0:10	IMG_0448.MP4	1	0	1	R	N			
9	6	T SanDisk	Jul	16	0:59	IMG_0449.MP4	1	0	1	R	N			
9	6	T SanDisk	Jul	16	2:18	IMG_0450.MP4	1	0	1	R	N			
9	6	T SanDisk	Jul	16	2:32	IMG_0451.MP4	0	0	0		N	nothing		
9	6	T SanDisk	Jul	16	3:04	IMG_0452.MP4	1	0	0		N			
9	6	T SanDisk	Jul	16	3:04	IMG_0453.MP4						too short to see anything		
9	6	T SanDisk	Jul	16	3:11	IMG_0454.MP4	1	1	0	L	N			
9	6	T SanDisk	Jul	16	3:19	IMG_0455.MP4	1	0	1	R	N			
9	6	T SanDisk	Jul	16	3:20	IMG_0456.MP4	1	0	0		N			
9	6	T SanDisk	Jul	16	3:21	IMG_0457.MP4						too short to see anything		
9	6	T SanDisk	Jul	16	3:24	IMG_0458.MP4						too short to see anything		
9	6	T SanDisk	Jul	16	3:26	IMG_0459.MP4	1	0	0		N			
9	6	T SanDisk	Jul	16	3:53	IMG_0460.MP4	1	0	1	R	N			
9	6	T SanDisk	Jul	16	20:37	IMG_0461.MP4	1	0	1	R	N			
9	6	T SanDisk	Jul	17	1:46	IMG_0462.MP4	1	0	0		N			
9	6	T SanDisk	Jul	17	1:46	IMG_0463.MP4	1	0	1	R	N			
9	6	T SanDisk	Jul	17	1:58	IMG_0464.MP4	1	0	1	R	N			
9	6	T SanDisk	Jul	17	1:59	IMG_0465.MP4	0	0	0		N			
9	6	T SanDisk	Jul	17	3:58	IMG_0466.MP4	1	0	1	R	N			
9	6	T SanDisk	Jul	17	3:58	IMG_0467.MP4						too short to see what it was		
9	6	T SanDisk	Jul	17	4:25	IMG_0468.MP4	1	0	1	R	N			
9	6	T SanDisk	Jul	17	4:50	IMG_0469.MP4	1	0	0		N			
9	6	T SanDisk	Jul	18	4:49	IMG_0470.MP4	1	0	0		N			
9	6	T SanDisk	Jul	19	20:52	IMG_0471.MP4	1	0	0		N			
9	6	T SanDisk	Jul	26	2:54	IMG_0472.MP4	0	0	0		Y	RAT - was hanging out by right tube but didnt really interact w it		
8	5	KM 8	Jan	1	2020	IMG_0001.AVI	0				N	Videos only of camera set up		
8	5	KM 8	Jan	1	2020	IMG_0002.AVI	0				N	Videos only of camera set up		
8	5	KM 8	Jan	1	2020	IMG_0003.AVI	0				N	Videos only of camera set up		
8	5	KM 8	Jan	1	2020	IMG_0004.AVI	0				N	Videos only of camera set up		
8	5	KM 8	Jan	1	2020	IMG_0005.AVI	0				N	Videos only of camera set up		
8	5	KM 8	Jan	1	2020	IMG_0006.AVI	0				N	Videos only of camera set up		
8	5	KM 8	Jan	1	2020	IMG_0007.AVI	0				N	Videos only of camera set up		
7	12	KM 3 	Jul	9	19:15	IMG_0001.MP4	1	0	1		N			
7	12	KM 3	Jul	9	19:28	IMG_0002.MP4	1	1	2	L	N	Sniffed left twice, went fully inside right		
7	12	KM 3	Jul	9	19:29	IMG_0003.MP4	1	0	1		N			
7	12	KM 3	Jul	9	19:31	IMG_0004.MP4	1	0	1		N			
7	12	KM 3	Jul	9	19:33	IMG_0005.MP4	1	0	1		N			
7	12	KM 3	Jul	9	20:00	IMG_0006.MP4	1	0	1		N			
7	12	KM 3	Jul	9	20:01	IMG_0007.MP4	1	0	0		N			
7	12	KM 3	Jul	9	20:06	IMG_0008.MP4	1	1	0		N			
7	12	KM 3	Jul	9	20:07	IMG_0009.MP4	1	0	1		N			
7	12	KM 3	Jul	9	20:08	IMG_0010.MP4	1	2	1	L	N	Fairly even interaction time really		
7	12	KM 3	Jul	9	20:52	IMG_0011.MP4	1	0	1		N	probably same mouse 		
7	12	KM 3	Jul	9	20:52	IMG_0012.MP4	1	0	1		N	probably same mouse 		
7	12	KM 3	Jul	9	20:53	IMG_0013.MP4	1	0	1		N	probably same mouse 		
7	12	KM 3	Jul	9	20:54	IMG_0014.MP4	1	0	1		N	probably same mouse 		
7	12	KM 3	Jul	9	20:54	IMG_0015.MP4	1	0	1		N	probably same mouse 		
7	12	KM 3	Jul	9	20:54	IMG_0016.MP4	1	0	1		N	probably same mouse 		
7	12	KM 3	Jul	9	20:55	IMG_0017.MP4	1	0	0		N	Near tube but never interacts		
7	12	KM 3	Jul	9	20:56	IMG_0018.MP4	1	0	0		N			
7	12	KM 3	Jul	9	20:58	IMG_0019.MP4	1	1	0		N			
7	12	KM 3	Jul	9	21:01	IMG_0020.MP4	1	0	1		N			
7	12	KM 3	Jul	9	21:02	IMG_0021.MP4	1	0	1		N			
7	12	KM 3	Jul	9	21:36	IMG_0022.MP4	1	0	1		N			
7	12	KM 3	Jul	9	21:38	IMG_0023.MP4	1	0	1		N			
7	12	KM 3	Jul	9	21:41	IMG_0024.MP4	1	0	1		N			
7	12	KM 3	Jul	9	21:41	IMG_0025.MP4	1	0	1		N			
7	12	KM 3	Jul	9	21:42	IMG_0026.MP4	1	0	1		N			
7	12	KM 3	Jul	9	21:42	IMG_0027.MP4	1	0	1		N			
7	12	KM 3	Jul	9	22:17	IMG_0028.MP4	1	0	0		N			
7	12	KM 3	Jul	9	22:24	IMG_0029.MP4	1	0	1		N			
7	12	KM 3	Jul	9	22:24	IMG_0030.MP4	1	0	1		N			
7	12	KM 3	Jul	9	22:25	IMG_0031.MP4	1	0	1		N			
7	12	KM 3	Jul	9	22:26	IMG_0032.MP4	1	0	1		N			
7	12	KM 3	Jul	9	22:27	IMG_0033.MP4	1	0	0		N			
7	12	KM 3	Jul	9	22:28	IMG_0034.MP4	1	0	1		N			
7	12	KM 3	Jul	9	22:28	IMG_0035.MP4	1	1	0		N			
7	12	KM 3	Jul	9	22:29	IMG_0036.MP4	1	0	1		N			
7	12	KM 3	Jul	9	22:31	IMG_0037.MP4	1	1	0		N			
7	12	KM 3	Jul	9	22:32	IMG_0038.MP4	1	0	1		N			
7	12	KM 3	Jul	9	22:40	IMG_0039.MP4	1	0	1		N			
7	12	KM 3	Jul	9	22:42	IMG_0040.MP4	1	0	0		N			
7	12	KM 3	Jul	9	22:42	IMG_0041.MP4	1	1	0		N			
7	12	KM 3	Jul	9	22:43	IMG_0042.MP4	1	1	2	R	N			
7	12	KM 3	Jul	9	22:45	IMG_0043.MP4	0	0	0		N			
7	12	KM 3	Jul	9	22:47	IMG_0044.MP4	1	1	0		N			
7	12	KM 3	Jul	9	22:47	IMG_0045.MP4	1	1	0		N			
7	12	KM 3	Jul	9	22:48	IMG_0046.MP4	1	0	1		N			
7	12	KM 3	Jul	9	22:49	IMG_0047.MP4	1	1	0		N			
7	12	KM 3	Jul	9	22:59	IMG_0048.MP4	1	1	0		N			
7	12	KM 3	Jul	9	23:13	IMG_0049.MP4	1	0	1		N			
7	12	KM 3	Jul	9	23:15	IMG_0050.MP4	1	0	1		N			
7	12	KM 3	Jul	9	23:17	IMG_0051.MP4	1	0	1	R	N			
7	12	KM 3	Jul	9	23:17	IMG_0052.MP4	1	1	0	L	N			
7	12	KM 3	Jul	9	23:18	IMG_0053.MP4	1	0	1	R	N			
7	12	KM 3	Jul	9	23:34	IMG_0054.MP4	1	1	0	L	N			
7	12	KM 3	Jul	9	23:35	IMG_0055.MP4	0	0	0		N			
7	12	KM 3	Jul	10	0:21	IMG_0056.MP4	1	1	0	L	N			
7	12	KM 3	Jul	10	0:25	IMG_0057.MP4	1	0	1	R	N			
7	12	KM 3	Jul	10	0:28	IMG_0058.MP4	1	0	1	R	N			
7	12	KM 3	Jul	10	0:29	IMG_0059.MP4	1	1	0	L	N	i think this is the same mouse being greedy		
7	12	KM 3	Jul	10	0:30	IMG_0060.MP4	1	1	0	L	N	its so greedy		
7	12	KM 3	Jul	10	0:33	IMG_0061.MP4	1	1	0	L	N			
7	12	KM 3	Jul	10	0:33	IMG_0062.MP4	1	0	0		N			
7	12	KM 3	Jul	10	0:35	IMG_0063.MP4	1	0	1	R	N			
7	12	KM 3	Jul	10	0:36	IMG_0064.MP4	0	0	0		N			
7	12	KM 3	Jul	10	2:03	IMG_0065.MP4	1	0	1	R	N			
7	12	KM 3	Jul	10	2:05	IMG_0066.MP4	1	1	0	L	N			
7	12	KM 3	Jul	10	2:06	IMG_0067.MP4	0	0	0		N			
7	12	KM 3	Jul	10	2:50	IMG_0068.MP4	1	0	1	R	N			
7	12	KM 3	Jul	10	2:51	IMG_0069.MP4	1	0	1	R	N			
7	12	KM 3	Jul	10	3:22	IMG_0070.MP4	1	0	1	R	N			
7	12	KM 3	Jul	10	3:22	IMG_0071.MP4	1	1	0	L	N	omg its so fat		
7	12	KM 3	Jul	10	3:23	IMG_0072.MP4	1	1	0	L	N			
7	12	KM 3	Jul	10	3:38	IMG_0073.MP4	1	0	0		N			
7	12	KM 3	Jul	10	4:33	IMG_0074.MP4	1	0	1	R	N			
7	12	KM 3	Jul	10	4:34	IMG_0075.MP4	0	0	0		N			
7	12	KM 3	Jul	10	4:36	IMG_0076.MP4	1	0	0		N			
7	12	KM 3	Jul	10	4:36	IMG_0077.MP4	1	0	0		N			
7	12	KM 3	Jul	10	4:42	IMG_0078.MP4	1	0	1	R	N			
7	12	KM 3	Jul	10	4:44	IMG_0079.MP4	1	1	0	L	N	so huge omg 		
7	12	KM 3	Jul	10	5:08	IMG_0080.MP4	1	1	0	L	N			
7	12	KM 3	Jul	10	5:29	IMG_0081.MP4	1	0	1	R	N			
7	12	KM 3	Jul	10	5:29	IMG_0082.MP4	1	0	1	R	N			
7	12	KM 3	Jul	10	5:32	IMG_0083.MP4	1	0	1	R	N			
7	12	KM 3	Jul	10	5:36	IMG_0084.MP4	1	0	1	R	N			
7	12	KM 3	Jul	10	5:37	IMG_0085.MP4	1	1	0	L	N			
7	12	KM 3	Jul	10	5:38	IMG_0086.MP4	1	1	0	L	N	same rat as before		
7	12	KM 3	Jul	10	5:46	IMG_0087.MP4	1	0	1	R	N	it literally has mayo on it ew 		
7	12	KM 3	Jul	10	5:48	IMG_0088.MP4	1	1	0	L	N			
7	12	KM 3	Jul	10	5:49	IMG_0089.MP4	1	1	0	L	N			
7	12	KM 3	Jul	10	5:53	IMG_0090.MP4	1	0	1	R	N			
7	12	KM 3	Jul	10	19:37	IMG_0091.MP4	1	0	1	R	N			
7	12	KM 3	Jul	10	20:23	IMG_0092.MP4	1	1	0	L	N			
7	12	KM 3	Jul	10	20:24	IMG_0093.MP4	0	0	0		N			
7	12	KM 3	Jul	10	20:28	IMG_0094.MP4	1	1	0	L	N			
7	12	KM 3	Jul	10	20:29	IMG_0095.MP4	0	0	0		N			
7	12	KM 3	Jul	10	20:30	IMG_0096.MP4	1	0	1	R	N			
7	12	KM 3	Jul	10	20:31	IMG_0097.MP4	1	1	0	L	N			
7	12	KM 3	Jul	10	22:05	IMG_0098.MP4	1	0	1	R	N			
7	12	KM 3	Jul	10	22:07	IMG_0099.MP4	0	0	0		N			
7	12	KM 3	Jul	10	22:31	IMG_0100.MP4	1	1	0	L	N			
7	12	KM 3	Jul	10	22:31	IMG_0101.MP4	0	0	0		N			
7	12	KM 3	Jul	10	22:46	IMG_0102.MP4	1	1	0	L	N			
7	12	KM 3	Jul	10	22:47	IMG_0103.MP4	0	0	0		N			
7	12	KM 3	Jul	10	22:47	IMG_0104.MP4	1	1	0	L	N			
7	12	KM 3	Jul	10	22:48	IMG_0105.MP4	0	0	0		N			
7	12	KM 3	Jul	10	23:29	IMG_0106.MP4	1	1	0	L	N			
7	12	KM 3	Jul	10	23:30	IMG_0107.MP4	0	0	0		N			
7	12	KM 3	Jul	10	23:31	IMG_0108.MP4	1	0	1	R	N			
7	12	KM 3	Jul	10	23:32	IMG_0109.MP4	1	0	1	R	N			
7	12	KM 3	Jul	11	0:01	IMG_0110.MP4	1	0	1	R	N			
7	12	KM 3	Jul	11	0:02	IMG_0111.MP4	1	0	0		N	same mouse		
7	12	KM 3	Jul	11	0:03	IMG_0112.MP4	1	1	0	L	N			
7	12	KM 3	Jul	11	2:02	IMG_0113.MP4	1	1	0	L	N			
7	12	KM 3	Jul	11	2:02	IMG_0114.MP4	1	0	1	R	N	same mouse		
7	12	KM 3	Jul	11	2:04	IMG_0115.MP4	1	0	0		N			
7	12	KM 3	Jul	11	2:05	IMG_0116.MP4	1	1	0	L	N			
7	12	KM 3	Jul	11	2:47	IMG_0117.MP4	1	0	1	R	N			
7	12	KM 3	Jul	11	2:48	IMG_0118.MP4	1	0	1	R	N			
7	12	KM 3	Jul	11	3:22	IMG_0119.MP4	1	0	1	R	N			
7	12	KM 3	Jul	11	3:23	IMG_0120.MP4	0	0	0		N			
7	12	KM 3	Jul	11	5:01	IMG_0121.MP4	1	0	1	R	N			
7	12	KM 3	Jul	11	5:03	IMG_0122.MP4	1	1	0	L	N			
7	12	KM 3	Jul	11	5:43	IMG_0123.MP4	1	1	2	L	N			
7	12	KM 3	Jul	11	5:44	IMG_0124.MP4	0	0	0		N			
7	12	KM 3	Jul	11	5:52	IMG_0125.MP4	1	1	0	L	N			
7	12	KM 3	Jul	11	19:08	IMG_0126.MP4	2	1,0	0,0	L	N			
7	12	KM 3	Jul	11	19:12	IMG_0127.MP4	0	0	0		N			
7	12	KM 3	Jul	11	19:46	IMG_0128.MP4	1	0	1	R	N			
7	12	KM 3	Jul	11	20:21	IMG_0129.MP4	1	0	1	R	N			
7	12	KM 3	Jul	11	20:39	IMG_0130.MP4	1	1	2		N	fat as mouse, video ended while in R so unclear (7s on L 5s on R)		
7	12	KM 3	Jul	11	20:44	IMG_0131.MP4	1	1	0	L	N			
7	12	KM 3	Jul	11	21:33	IMG_0132.MP4	1	0	1	R	N			
7	12	KM 3	Jul	11	21:41	IMG_0133.MP4	1	0	1	R	N			
7	12	KM 3	Jul	12	0:05	IMG_0134.MP4	1	0	1	R	N			
7	12	KM 3	Jul	12	0:24	IMG_0135.MP4	1	0	1	R	N	had to come back to get that R one		
7	12	KM 3	Jul	12	0:29	IMG_0136.MP4	1	1	0	L	N			
7	12	KM 3	Jul	12	1:39	IMG_0137.MP4	1	0	1	R	N			
7	12	KM 3	Jul	12	2:21	IMG_0138.MP4	1	0	1	R				
7	12	KM 3	Jul	12	2:23	IMG_0139.MP4								
7	12	KM 3	Jul	12	3:04	IMG_0140.MP4								
7	12	KM 3	Jul	12	4:15	IMG_0141.MP4								
7	12	KM 3	Jul	12	4:45	IMG_0142.MP4								
7	12	KM 3	Jul	12	4:45	IMG_0143.MP4								
7	12	KM 3	Jul	12	5:08	IMG_0144.MP4								
7	12	KM 3	Jul	12	5:09	IMG_0145.MP4								
7	12	KM 3	Jul	12	5:23	IMG_0146.MP4								
7	12	KM 3	Jul	12	5:34	IMG_0147.MP4								
7	12	KM 3	Jul	12	6:09	IMG_0148.MP4								
7	12	KM 3	Jul	12	19:12	IMG_0149.MP4								
7	12	KM 3	Jul	12	19:22	IMG_0150.MP4								
7	12	KM 3	Jul	12	19:23	IMG_0151.MP4								
7	12	KM 3	Jul	12	19:26	IMG_0152.MP4								
7	12	KM 3	Jul	12	19:28	IMG_0153.MP4								
7	12	KM 3	Jul	12	19:29	IMG_0154.MP4								
7	12	KM 3	Jul	12	19:30	IMG_0155.MP4								
7	12	KM 3	Jul	12	19:30	IMG_0156.MP4								
7	12	KM 3	Jul	12	19:48	IMG_0157.MP4								
7	12	KM 3	Jul	12	19:49	IMG_0158.MP4								
7	12	KM 3	Jul	12	19:51	IMG_0159.MP4								
7	12	KM 3	Jul	12	19:53	IMG_0160.MP4								
7	12	KM 3	Jul	12	20:08	IMG_0161.MP4								
7	12	KM 3	Jul	12	20:27	IMG_0162.MP4								
7	12	KM 3	Jul	12	20:28	IMG_0163.MP4								
7	12	KM 3	Jul	12	20:29	IMG_0164.MP4								
7	12	KM 3	Jul	12	20:36	IMG_0165.MP4								
7	12	KM 3	Jul	12	21:20	IMG_0166.MP4								
7	12	KM 3	Jul	12	21:24	IMG_0167.MP4								
7	12	KM 3	Jul	12	21:25	IMG_0168.MP4								
7	12	KM 3	Jul	12	21:26	IMG_0169.MP4								
7	12	KM 3	Jul	12	21:26	IMG_0170.MP4								
7	12	KM 3	Jul	12	21:35	IMG_0171.MP4								
7	12	KM 3	Jul	12	21:36	IMG_0172.MP4								
7	12	KM 3	Jul	12	21:37	IMG_0173.MP4								
7	12	KM 3	Jul	12	21:37	IMG_0174.MP4								
7	12	KM 3	Jul	12	21:55	IMG_0175.MP4								
7	12	KM 3	Jul	12	21:56	IMG_0176.MP4								
7	12	KM 3	Jul	13	0:02	IMG_0177.MP4								
7	12	KM 3	Jul	13	0:03	IMG_0178.MP4								
7	12	KM 3	Jul	13	0:23	IMG_0179.MP4								
7	12	KM 3	Jul	13	0:25	IMG_0180.MP4								
7	12	KM 3	Jul	13	0:26	IMG_0181.MP4								
7	12	KM 3	Jul	13	0:27	IMG_0182.MP4								
7	12	KM 3	Jul	13	0:30	IMG_0183.MP4								
7	12	KM 3	Jul	13	0:30	IMG_0184.MP4								
7	12	KM 3	Jul	13	0:31	IMG_0185.MP4								
7	12	KM 3	Jul	13	0:33	IMG_0186.MP4								
7	12	KM 3	Jul	13	0:56	IMG_0187.MP4								
7	12	KM 3	Jul	13	0:57	IMG_0188.MP4								
7	12	KM 3	Jul	13	0:58	IMG_0189.MP4								
7	12	KM 3	Jul	13	1:26	IMG_0190.MP4								
7	12	KM 3	Jul	13	1:27	IMG_0191.MP4								
7	12	KM 3	Jul	13	1:27	IMG_0192.MP4								
7	12	KM 3	Jul	13	1:35	IMG_0193.MP4								
7	12	KM 3	Jul	13	1:59	IMG_0194.MP4								
7	12	KM 3	Jul	13	2:01	IMG_0195.MP4								
7	12	KM 3	Jul	13	2:02	IMG_0196.MP4								
7	12	KM 3	Jul	13	2:02	IMG_0197.MP4								
7	12	KM 3	Jul	13	2:04	IMG_0198.MP4								
7	12	KM 3	Jul	13	2:22	IMG_0199.MP4								
7	12	KM 3	Jul	13	2:23	IMG_0200.MP4								
7	12	KM 3	Jul	13	2:24	IMG_0201.MP4								
7	12	KM 3	Jul	13	2:25	IMG_0202.MP4								
7	12	KM 3	Jul	13	2:44	IMG_0203.MP4								
7	12	KM 3	Jul	13	2:44	IMG_0204.MP4								
7	12	KM 3	Jul	13	2:45	IMG_0205.MP4								
7	12	KM 3	Jul	13	2:45	IMG_0206.MP4								
7	12	KM 3	Jul	13	2:58	IMG_0207.MP4								
7	12	KM 3	Jul	13	2:59	IMG_0208.MP4								
7	12	KM 3	Jul	13	3:00	IMG_0209.MP4								
7	12	KM 3	Jul	13	3:01	IMG_0210.MP4								
7	12	KM 3	Jul	13	3:02	IMG_0211.MP4								
7	12	KM 3	Jul	13	3:05	IMG_0212.MP4								
7	12	KM 3	Jul	13	3:07	IMG_0213.MP4								
7	12	KM 3	Jul	13	3:08	IMG_0214.MP4								
7	12	KM 3	Jul	13	3:08	IMG_0215.MP4								
7	12	KM 3	Jul	13	3:11	IMG_0216.MP4								
7	12	KM 3	Jul	13	3:11	IMG_0217.MP4								
7	12	KM 3	Jul	13	3:12	IMG_0218.MP4								
7	12	KM 3	Jul	13	3:14	IMG_0219.MP4								
7	12	KM 3	Jul	13	3:15	IMG_0220.MP4								
7	12	KM 3	Jul	13	3:24	IMG_0221.MP4								
7	12	KM 3	Jul	13	3:24	IMG_0222.MP4								
7	12	KM 3	Jul	13	3:26	IMG_0223.MP4								
7	12	KM 3	Jul	13	3:27	IMG_0224.MP4								
7	12	KM 3	Jul	13	3:27	IMG_0225.MP4								
7	12	KM 3	Jul	13	3:28	IMG_0226.MP4								
7	12	KM 3	Jul	13	3:50	IMG_0227.MP4								
7	12	KM 3	Jul	13	3:51	IMG_0228.MP4								
7	12	KM 3	Jul	13	4:29	IMG_0229.MP4								
7	12	KM 3	Jul	13	4:30	IMG_0230.MP4								
7	12	KM 3	Jul	13	4:31	IMG_0231.MP4								
7	12	KM 3	Jul	13	4:32	IMG_0232.MP4								
7	12	KM 3	Jul	13	4:36	IMG_0233.MP4								
7	12	KM 3	Jul	13	4:36	IMG_0234.MP4								
7	12	KM 3	Jul	13	4:38	IMG_0235.MP4								
7	12	KM 3	Jul	13	4:38	IMG_0236.MP4								
7	12	KM 3	Jul	13	4:39	IMG_0237.MP4								
7	12	KM 3	Jul	13	4:39	IMG_0238.MP4								
7	12	KM 3	Jul	13	4:43	IMG_0239.MP4								
7	12	KM 3	Jul	13	4:43	IMG_0240.MP4								
7	12	KM 3	Jul	13	4:44	IMG_0241.MP4								
7	12	KM 3	Jul	13	4:44	IMG_0242.MP4								
7	12	KM 3	Jul	13	4:45	IMG_0243.MP4								
7	12	KM 3	Jul	13	4:45	IMG_0244.MP4								
7	12	KM 3	Jul	13	4:46	IMG_0245.MP4								
7	12	KM 3	Jul	13	4:48	IMG_0246.MP4								
7	12	KM 3	Jul	13	4:48	IMG_0247.MP4								
7	12	KM 3	Jul	13	4:52	IMG_0248.MP4								
7	12	KM 3	Jul	13	5:13	IMG_0249.MP4								
7	12	KM 3	Jul	13	5:13	IMG_0250.MP4								
7	12	KM 3	Jul	13	5:24	IMG_0251.MP4								
7	12	KM 3	Jul	13	5:25	IMG_0252.MP4								
7	12	KM 3	Jul	13	5:26	IMG_0253.MP4								
7	12	KM 3	Jul	13	5:27	IMG_0254.MP4								
7	12	KM 3	Jul	13	5:28	IMG_0255.MP4								
7	12	KM 3	Jul	13	5:30	IMG_0256.MP4								
7	12	KM 3	Jul	13	5:31	IMG_0257.MP4								
7	12	KM 3	Jul	13	6:18	IMG_0258.MP4								
7	12	KM 3	Jul	13	6:20	IMG_0259.MP4								
7	12	KM 3	Jul	13	6:26	IMG_0260.MP4								
7	12	KM 3	Jul	13	6:28	IMG_0261.MP4								
7	12	KM 3	Jul	13	6:31	IMG_0262.MP4								
7	12	KM 3	Jul	13	19:09	IMG_0263.MP4								
7	12	KM 3	Jul	13	19:10	IMG_0264.MP4								
7	12	KM 3	Jul	13	19:10	IMG_0265.MP4								
7	12	KM 3	Jul	13	19:14	IMG_0266.MP4								
7	12	KM 3	Jul	13	19:27	IMG_0267.MP4								
7	12	KM 3	Jul	13	19:27	IMG_0268.MP4								
7	12	KM 3	Jul	13	19:28	IMG_0269.MP4								
7	12	KM 3	Jul	13	19:29	IMG_0270.MP4								
7	12	KM 3	Jul	13	19:43	IMG_0271.MP4								
7	12	KM 3	Jul	13	19:44	IMG_0272.MP4								
7	12	KM 3	Jul	13	19:45	IMG_0273.MP4								
7	12	KM 3	Jul	13	19:47	IMG_0274.MP4								
7	12	KM 3	Jul	13	19:48	IMG_0275.MP4								
7	12	KM 3	Jul	13	19:49	IMG_0276.MP4								
7	12	KM 3	Jul	13	19:49	IMG_0277.MP4								
7	12	KM 3	Jul	13	19:50	IMG_0278.MP4								
7	12	KM 3	Jul	13	19:52	IMG_0279.MP4								
7	12	KM 3	Jul	13	19:52	IMG_0280.MP4								
7	12	KM 3	Jul	13	19:53	IMG_0281.MP4								
7	12	KM 3	Jul	13	19:57	IMG_0282.MP4								
7	12	KM 3	Jul	13	19:57	IMG_0283.MP4								
7	12	KM 3	Jul	13	20:03	IMG_0284.MP4								
7	12	KM 3	Jul	13	20:04	IMG_0285.MP4								
7	12	KM 3	Jul	13	20:05	IMG_0286.MP4								
7	12	KM 3	Jul	13	20:23	IMG_0287.MP4								
7	12	KM 3	Jul	13	20:24	IMG_0288.MP4								
7	12	KM 3	Jul	13	20:25	IMG_0289.MP4								
7	12	KM 3	Jul	13	20:27	IMG_0290.MP4								
7	12	KM 3	Jul	13	20:28	IMG_0291.MP4								
7	12	KM 3	Jul	13	20:29	IMG_0292.MP4								
7	12	KM 3	Jul	13	20:29	IMG_0293.MP4								
7	12	KM 3	Jul	13	20:29	IMG_0294.MP4								
7	12	KM 3	Jul	13	20:30	IMG_0295.MP4								
7	12	KM 3	Jul	13	20:32	IMG_0296.MP4								
7	12	KM 3	Jul	13	20:34	IMG_0297.MP4								
7	12	KM 3	Jul	13	20:52	IMG_0298.MP4								
7	12	KM 3	Jul	13	20:53	IMG_0299.MP4								
7	12	KM 3	Jul	13	21:04	IMG_0300.MP4								
7	12	KM 3	Jul	13	21:04	IMG_0301.MP4								
7	12	KM 3	Jul	13	21:06	IMG_0302.MP4								
7	12	KM 3	Jul	13	21:07	IMG_0303.MP4								
7	12	KM 3	Jul	13	21:09	IMG_0304.MP4								
7	12	KM 3	Jul	13	21:20	IMG_0305.MP4								
7	12	KM 3	Jul	13	21:20	IMG_0306.MP4								
7	12	KM 3	Jul	13	21:20	IMG_0307.MP4								
7	12	KM 3	Jul	13	21:21	IMG_0308.MP4								
7	12	KM 3	Jul	13	21:21	IMG_0309.MP4								
7	12	KM 3	Jul	13	21:21	IMG_0310.MP4								
7	12	KM 3	Jul	13	21:36	IMG_0311.MP4								
7	12	KM 3	Jul	13	21:37	IMG_0312.MP4								
7	12	KM 3	Jul	13	21:37	IMG_0313.MP4								
7	12	KM 3	Jul	13	21:57	IMG_0314.MP4								
7	12	KM 3	Jul	13	21:58	IMG_0315.MP4								
7	12	KM 3	Jul	13	21:59	IMG_0316.MP4								
7	12	KM 3	Jul	13	22:51	IMG_0317.MP4								
7	12	KM 3	Jul	13	22:52	IMG_0318.MP4								
7	12	KM 3	Jul	13	22:57	IMG_0319.MP4								
7	12	KM 3	Jul	13	23:07	IMG_0320.MP4								
7	12	KM 3	Jul	13	23:10	IMG_0321.MP4								
7	12	KM 3	Jul	13	23:34	IMG_0322.MP4								
7	12	KM 3	Jul	14	0:01	IMG_0323.MP4								
7	12	KM 3	Jul	14	0:01	IMG_0324.MP4								
7	12	KM 3	Jul	14	0:34	IMG_0325.MP4								
7	12	KM 3	Jul	14	0:34	IMG_0326.MP4								
7	12	KM 3	Jul	14	0:34	IMG_0327.MP4								
7	12	KM 3	Jul	14	0:35	IMG_0328.MP4								
7	12	KM 3	Jul	14	0:35	IMG_0329.MP4								
7	12	KM 3	Jul	14	0:38	IMG_0330.MP4								
7	12	KM 3	Jul	14	0:38	IMG_0331.MP4								
7	12	KM 3	Jul	14	0:39	IMG_0332.MP4								
7	12	KM 3	Jul	14	0:46	IMG_0333.MP4								
7	12	KM 3	Jul	14	0:52	IMG_0334.MP4								
7	12	KM 3	Jul	14	1:00	IMG_0335.MP4								
7	12	KM 3	Jul	14	1:16	IMG_0336.MP4								
7	12	KM 3	Jul	14	1:17	IMG_0337.MP4								
7	12	KM 3	Jul	14	1:17	IMG_0338.MP4								
7	12	KM 3	Jul	14	1:29	IMG_0339.MP4								
7	12	KM 3	Jul	14	1:30	IMG_0340.MP4								
7	12	KM 3	Jul	14	1:30	IMG_0341.MP4								
7	12	KM 3	Jul	14	1:33	IMG_0342.MP4								
7	12	KM 3	Jul	14	1:38	IMG_0343.MP4								
7	12	KM 3	Jul	14	1:42	IMG_0344.MP4								
7	12	KM 3	Jul	14	1:43	IMG_0345.MP4								
7	12	KM 3	Jul	14	1:43	IMG_0346.MP4								
7	12	KM 3	Jul	14	2:48	IMG_0347.MP4								
7	12	KM 3	Jul	14	2:49	IMG_0348.MP4								
7	12	KM 3	Jul	14	2:49	IMG_0349.MP4								
7	12	KM 3	Jul	14	2:49	IMG_0350.MP4								
7	12	KM 3	Jul	14	2:49	IMG_0351.MP4								
7	12	KM 3	Jul	14	2:49	IMG_0352.MP4								
7	12	KM 3	Jul	14	2:50	IMG_0353.MP4								
7	12	KM 3	Jul	14	2:50	IMG_0354.MP4								
7	12	KM 3	Jul	14	2:50	IMG_0355.MP4								
7	12	KM 3	Jul	14	2:50	IMG_0356.MP4								
7	12	KM 3	Jul	14	2:50	IMG_0357.MP4								
7	12	KM 3	Jul	14	3:14	IMG_0358.MP4								
7	12	KM 3	Jul	14	3:47	IMG_0359.MP4								
7	12	KM 3	Jul	14	3:51	IMG_0360.MP4								
7	12	KM 3	Jul	14	3:52	IMG_0361.MP4								
7	12	KM 3	Jul	14	3:52	IMG_0362.MP4								
7	12	KM 3	Jul	14	3:52	IMG_0363.MP4								
7	12	KM 3	Jul	14	3:52	IMG_0364.MP4								
7	12	KM 3	Jul	14	4:11	IMG_0365.MP4								
7	12	KM 3	Jul	14	4:11	IMG_0366.MP4								
7	12	KM 3	Jul	14	4:11	IMG_0367.MP4								
7	12	KM 3	Jul	14	4:37	IMG_0368.MP4								
7	12	KM 3	Jul	14	4:38	IMG_0369.MP4								
7	12	KM 3	Jul	14	4:38	IMG_0370.MP4								
7	12	KM 3	Jul	14	4:40	IMG_0371.MP4								
7	12	KM 3	Jul	14	4:40	IMG_0372.MP4								
7	12	KM 3	Jul	14	4:42	IMG_0373.MP4								
7	12	KM 3	Jul	14	4:50	IMG_0374.MP4								
7	12	KM 3	Jul	14	4:52	IMG_0375.MP4								
7	12	KM 3	Jul	14	5:13	IMG_0376.MP4								
7	12	KM 3	Jul	14	5:13	IMG_0377.MP4								
7	12	KM 3	Jul	14	5:18	IMG_0378.MP4								
7	12	KM 3	Jul	14	5:18	IMG_0379.MP4								
7	12	KM 3	Jul	14	5:18	IMG_0380.MP4								
7	12	KM 3	Jul	14	5:19	IMG_0381.MP4								
7	12	KM 3	Jul	14	5:19	IMG_0382.MP4								
7	12	KM 3	Jul	14	5:20	IMG_0383.MP4								
7	12	KM 3	Jul	14	5:20	IMG_0384.MP4								
7	12	KM 3	Jul	14	5:20	IMG_0385.MP4								
7	12	KM 3	Jul	14	5:30	IMG_0386.MP4								
7	12	KM 3	Jul	14	5:31	IMG_0387.MP4								
7	12	KM 3	Jul	14	6:06	IMG_0388.MP4								
7	12	KM 3	Jul	14	6:06	IMG_0389.MP4								
7	12	KM 3	Jul	14	6:37	IMG_0390.MP4								
7	12	KM 3	Jul	14	6:37	IMG_0391.MP4								
7	12	KM 3	Jul	14	19:14	IMG_0392.MP4								
7	12	KM 3	Jul	14	19:19	IMG_0393.MP4								
7	12	KM 3	Jul	14	19:48	IMG_0394.MP4								
7	12	KM 3	Jul	14	19:48	IMG_0395.MP4								
7	12	KM 3	Jul	14	19:49	IMG_0396.MP4								
7	12	KM 3	Jul	14	19:49	IMG_0397.MP4								
7	12	KM 3	Jul	14	19:50	IMG_0398.MP4								
7	12	KM 3	Jul	14	20:28	IMG_0399.MP4								
7	12	KM 3	Jul	14	20:28	IMG_0400.MP4								
7	12	KM 3	Jul	14	20:30	IMG_0401.MP4								
7	12	KM 3	Jul	14	20:31	IMG_0402.MP4								
7	12	KM 3	Jul	14	20:45	IMG_0403.MP4								
7	12	KM 3	Jul	14	20:46	IMG_0404.MP4								
7	12	KM 3	Jul	14	20:47	IMG_0405.MP4								
7	12	KM 3	Jul	14	20:47	IMG_0406.MP4								
7	12	KM 3	Jul	14	20:48	IMG_0407.MP4								
7	12	KM 3	Jul	14	21:50	IMG_0408.MP4								
7	12	KM 3	Jul	14	21:50	IMG_0409.MP4								
7	12	KM 3	Jul	14	22:21	IMG_0410.MP4								
7	12	KM 3	Jul	14	22:21	IMG_0411.MP4								
7	12	KM 3	Jul	14	22:22	IMG_0412.MP4								
7	12	KM 3	Jul	14	22:38	IMG_0413.MP4								
7	12	KM 3	Jul	14	23:17	IMG_0414.MP4								
7	12	KM 3	Jul	14	23:41	IMG_0415.MP4								
7	12	KM 3	Jul	15	0:17	IMG_0416.MP4								
7	12	KM 3	Jul	15	2:15	IMG_0417.MP4								
7	12	KM 3	Jul	15	2:15	IMG_0418.MP4								
7	12	KM 3	Jul	15	2:15	IMG_0419.MP4								
7	12	KM 3	Jul	15	2:56	IMG_0420.MP4								
7	12	KM 3	Jul	15	2:56	IMG_0421.MP4								
7	12	KM 3	Jul	15	2:58	IMG_0422.MP4								
7	12	KM 3	Jul	15	3:01	IMG_0423.MP4								
7	12	KM 3	Jul	15	3:19	IMG_0424.MP4								
7	12	KM 3	Jul	15	3:20	IMG_0425.MP4								
7	12	KM 3	Jul	15	23:01	IMG_0426.MP4								
7	12	KM 3	Jul	16	3:44	IMG_0427.MP4								
7	12	KM 3	Jul	16	5:18	IMG_0428.MP4								
7	12	KM 3	Jul	16	5:20	IMG_0429.MP4								
7	12	KM 3	Jul	16	19:05	IMG_0430.MP4								
7	12	KM 3	Jul	16	21:13	IMG_0431.MP4								
7	12	KM 3	Jul	17	2:43	IMG_0432.MP4								
7	12	KM 3	Jul	17	2:43	IMG_0433.MP4								
7	12	KM 3	Jul	17	2:43	IMG_0434.MP4								
7	12	KM 3	Jul	18	3:29	IMG_0435.MP4								
7	12	KM 3	Jul	18	3:40	IMG_0436.MP4								
7	12	KM 3	Jul	18	22:07	IMG_0437.MP4								
7	12	KM 3	Jul	18	23:11	IMG_0438.MP4								
7	12	KM 3	Jul	18	23:12	IMG_0439.MP4								
7	12	KM 3	Jul	18	23:12	IMG_0440.MP4								
7	12	KM 3	Jul	19	21:17	IMG_0441.MP4								
1	2	H (64 gb)	Jul	9	20:22	IMG_0001.AVI	1	0	1	R	N			
1	2	H (64 gb)	Jul	9	20:31	IMG_0002.AVI					N	Pitch Black		
1	2	H (64 gb)	Jul	9	21:31	IMG_0003.AVI	1		1	R	N			
1	2	H (64 gb)	Jul	9	21:40	IMG_0004.AVI	1	0	1	R	N			
1	2	H (64 gb)	Jul	9	21:44	IMG_0005.AVI	1	0	1	R	N			
1	2	H (64 gb)	Jul	9	21:45	IMG_0006.AVI	2	0	1	R	N	only one interacted		
1	2	H (64 gb)	Jul	9	21:47	IMG_0007.AVI	2	0	1	R	N 	only one interacted		
1	2	H (64 gb)	Jul	9	21:47	IMG_0008.AVI	2	0	1	R	N	both mice shared right (wholesome) 		
1	2	H (64 gb)	Jul	9	21:52	IMG_0009.AVI	3	0	1	R	N 	only one interacted		
1	2	H (64 gb)	Jul	9	21:53	IMG_0010.AVI	3	0	1	R	N	only one interacted		
1	2	H (64 gb)	Jul	9	21:54	IMG_0011.AVI	3	2	1	R	N 	Slight interaction with left, but didnt eat it		
1	2	H (64 gb)	Jul	9	21:55	IMG_0012.AVI	2	0	1	R	N 	they are really into the right		
1	2	H (64 gb)	Jul	9	21:56	IMG_0013.AVI	3	0	1	R	N	3 eating at the same time...crazy		
1	2	H (64 gb)	Jul	9	21:58	IMG_0014.AVI	4	2	1	R	N	2 eating on R, one in bushes, the other jumped on L 		
1	2	H (64 gb)	Jul	9	21:58	IMG_0015.AVI	3	0	2	R	N	2 eating at L		
1	2	H (64 gb)	Jul	9	22:01	IMG_0016.AVI	2	2	1	R	N	they only sniff L, never eat		
1	2	H (64 gb)	Jul	9	22:02	IMG_0017.AVI	3	0	1	R	N			
1	2	H (64 gb)	Jul	9	22:07	IMG_0018.AVI	2	0	1	R	N			
1	2	H (64 gb)	Jul	9	22:30	IMG_0019.AVI	1	0	0	0	N			
1	2	H (64 gb)	Jul	9	22:40	IMG_0020.AVI	2	0	0	0	N			
1	2	H (64 gb)	Jul	9	22:40	IMG_0021.AVI	1	0	0	0	N			
1	2	H (64 gb)	Jul	9	22:41	IMG_0022.AVI	1	0	0	0	N			
1	2	H (64 gb)	Jul	9	22:44	IMG_0023.AVI	1	0	0	0	N			
1	2	H (64 gb)	Jul	9	22:45	IMG_0024.AVI	1	0	0	0	N			
1	2	H (64 gb)	Jul	9	22:47	IMG_0025.AVI	1	0	0	0	N			
1	2	H (64 gb)	Jul	9	22:49	IMG_0026.AVI	1	0	0	0	N			
1	2	H (64 gb)	Jul	9	22:51	IMG_0027.AVI	1	0	0	0	N			
1	2	H (64 gb)	Jul	9	22:59	IMG_0028.AVI	1	0	0	0	N			
1	2	H (64 gb)	Jul	9	23:00	IMG_0029.AVI	1	0	0	0	N			
1	2	H (64 gb)	Jul	9	23:38	IMG_0030.AVI	2	0	0	0	N			
1	2	H (64 gb)	Jul	9	23:38	IMG_0031.AVI	2	2	1	R	N	equal' interaction, but ate 2		
1	2	H (64 gb)	Jul	9	23:47	IMG_0032.AVI	0	0	0	0	0	black		
1	2	H (64 gb)	Jul	9	23:54	IMG_0033.AVI	2	0	1	R	N	its just kinda sitting by it tbh 		
1	2	H (64 gb)	Jul	9	23:54	IMG_0034.AVI	1	0	1	R	N	its still sittting there		
1	2	H (64 gb)	Jul	9	23:58	IMG_0035.AVI	1	0	0	0	N			
1	2	H (64 gb)	Jul	10	0:04	IMG_0036.AVI	1	0	1	R	N			
1	2	H (64 gb)	Jul	10	0:05	IMG_0037.AVI	1	2	1	R	N			
1	2	H (64 gb)	Jul	10	0:07	IMG_0038.AVI	2	0	0	0	N			
1	2	H (64 gb)	Jul	10	0:10	IMG_0039.AVI	1	0	1	R	N			
1	2	H (64 gb)	Jul	10	0:11	IMG_0040.AVI	1	0	1	R	N			
1	2	H (64 gb)	Jul	10	0:21	IMG_0041.AVI	1	0	0	0	N			
1	2	H (64 gb)	Jul	10	0:33	IMG_0042.AVI	1	0	0	0	N	I ONLY SAW EYES		
1	2	H (64 gb)	Jul	10	0:44	IMG_0043.AVI	1	0	1	R	N			
1	2	H (64 gb)	Jul	10	1:20	IMG_0044.AVI	1	0	1	R	N			
1	2	H (64 gb)	Jul	10	1:22	IMG_0045.AVI	1	0	0	0	N			
1	2	H (64 gb)	Jul	10	1:23	IMG_0046.AVI	1	0	1	R	N			
1	2	H (64 gb)	Jul	10	1:23	IMG_0047.AVI	0	0	0	0	N	NOTHING		
1	2	H (64 gb)	Jul	10	1:29	IMG_0048.AVI	1	0	0	0	N			
1	2	H (64 gb)	Jul	10	1:35	IMG_0049.AVI	1	0	0	0	N	EYES...		
1	2	H (64 gb)	Jul	10	1:36	IMG_0050.AVI	0	0	0	0	N	NOTHING		
1	2	H (64 gb)	Jul	10	1:42	IMG_0051.AVI	1	0	1	R	N			
1	2	H (64 gb)	Jul	10	1:43	IMG_0052.AVI	1	2	0	L	N	barely an interation 		
1	2	H (64 gb)	Jul	10	1:45	IMG_0053.AVI	1	0	0	0	N			
1	2	H (64 gb)	Jul	10	1:50	IMG_0054.AVI	0	0	0	0	N	NOTHING		
1	2	H (64 gb)	Jul	10	2:36	IMG_0055.AVI	1	0	2	0	N			
1	2	H (64 gb)	Jul	10	2:40	IMG_0056.AVI	1	0	0	0	N			
1	2	H (64 gb)	Jul	10	2:41	IMG_0057.AVI	1	2	1	EQUAL 	N			
1	2	H (64 gb)	Jul	10	2:41	IMG_0058.AVI	1	0	2	R	N			
1	2	H (64 gb)	Jul	10	2:43	IMG_0059.AVI	2	0	0	0	N 			
1	2	H (64 gb)	Jul	10	2:44	IMG_0060.AVI	1	0	2	R	N			
1	2	H (64 gb)	Jul	10	2:46	IMG_0061.AVI	1	0	2	R	N			
1	2	H (64 gb)	Jul	10	2:47	IMG_0062.AVI	1	0	0	0	N 			
1	2	H (64 gb)	Jul	10	3:46	IMG_0063.AVI	1	0	1	R	N			
1	2	H (64 gb)	Jul	10	3:56	IMG_0064.AVI	1	0	0	0	N			
1	2	H (64 gb)	Jul	10	4:40	IMG_0065.AVI	1	1	0	L	N			
1	2	H (64 gb)	Jul	10	5:00	IMG_0066.AVI	1	0	1	R	N			
1	2	H (64 gb)	Jul	10	5:05	IMG_0067.AVI	1	0	0	0	N			
1	2	H (64 gb)	Jul	10	5:08	IMG_0068.AVI	1	1	2	R	N			
1	2	H (64 gb)	Jul	10	5:10	IMG_0069.AVI	1	0	0	0	N			
1	2	H (64 gb)	Jul	10	5:20	IMG_0070.AVI	1	0	0	0	N			
1	2	H (64 gb)	Jul	10	5:44	IMG_0071.AVI	1	0	0	0	N			
1	2	H (64 gb)	Jul	10	5:45	IMG_0072.AVI	1	0	0	0	N			
1	2	H (64 gb)	Jul	10	5:48	IMG_0073.AVI	1	2	1	R	N			
1	2	H (64 gb)	Jul	10	5:48	IMG_0074.AVI	2	0	0	0	N			
1	2	H (64 gb)	Jul	10	5:58	IMG_0075.AVI	1	0	0	0	N			
1	2	H (64 gb)	Jul	10	6:05	IMG_0076.AVI	1	0	0	0	N			
1	2	H (64 gb)	Jul	10	6:05	IMG_0077.AVI	1	0	0	0	N			
1	2	H (64 gb)	Jul	10	6:10	IMG_0078.AVI	1	1	0	L	N			
1	2	H (64 gb)	Jul	10	6:12	IMG_0079.AVI	1	0	0	0	N			
1	2	H (64 gb)	Jul	10	6:34	IMG_0080.AVI	2	0	1	R	N			
1	2	H (64 gb)	Jul	10	6:35	IMG_0081.AVI	0	0	0	0	N			
1	2	H (64 gb)	Jul	10	6:44	IMG_0082.AVI	1	0	1	R	N			
1	2	H (64 gb)	Jul	10	6:47	IMG_0083.AVI	2	1	0	L	N			
1	2	H (64 gb)	Jul	10	6:48	IMG_0084.AVI	1	1	0	L	N			
1	2	H (64 gb)	Jul	10	6:49	IMG_0085.AVI	1	1	0	L	N			
1	2	H (64 gb)	Jul	10	19:25	IMG_0086.AVI	1	1	0	L	N			
1	2	H (64 gb)	Jul	10	20:53	IMG_0087.AVI	1	1	0	L	N			
1	2	H (64 gb)	Jul	10	22:33	IMG_0088.AVI	1	1	0	L	N			
1	2	H (64 gb)	Jul	10	22:33	IMG_0089.AVI	1	0	0	0	N			
1	2	H (64 gb)	Jul	10	22:43	IMG_0090.AVI	1	0	0	0	N			
1	2	H (64 gb)	Jul	10	22:48	IMG_0091.AVI	1	2	1	L	N			
1	2	H (64 gb)	Jul	10	22:48	IMG_0092.AVI	0	0	0	0	N			
1	2	H (64 gb)	Jul	10	22:50	IMG_0093.AVI	1	1	0	L	N			
1	2	H (64 gb)	Jul	10	22:51	IMG_0094.AVI	0	0	0	0	N			
1	2	H (64 gb)	Jul	10	23:24	IMG_0095.AVI	1	0	0	0	N			
1	2	H (64 gb)	Jul	10	23:45	IMG_0096.AVI	1	1	0	L	N			
1	2	H (64 gb)	Jul	10	23:46	IMG_0097.AVI	1	0	0	0	N			
1	2	H (64 gb)	Jul	10	23:54	IMG_0098.AVI	0	0	0	0	N	BLACK 		
1	2	H (64 gb)	Jul	11	0:07	IMG_0099.AVI	0	0	0	0	N			
1	2	H (64 gb)	Jul	11	0:18	IMG_0100.AVI	0	0	0	0	N			
1	2	H (64 gb)	Jul	11	0:30	IMG_0101.AVI	1	0	0	0	N			
1	2	H (64 gb)	Jul	11	0:47	IMG_0102.AVI	1	1	0	L	N			
1	2	H (64 gb)	Jul	11	0:47	IMG_0103.AVI	1	0	0	0	N			
1	2	H (64 gb)	Jul	11	1:31	IMG_0104.AVI	1	1	0	0	N			
1	2	H (64 gb)	Jul	11	1:52	IMG_0105.AVI	1	0	0	0	N			
1	2	H (64 gb)	Jul	11	3:05	IMG_0106.AVI	2	1,2	0,1	L	N			
1	2	H (64 gb)	Jul	11	3:05	IMG_0107.AVI	1	1	0	L	N			
1	2	H (64 gb)	Jul	11	3:06	IMG_0108.AVI	1	1	0	L	N	blurry		
1	2	H (64 gb)	Jul	11	3:06	IMG_0109.AVI	2	1	2	L	N	didnt really interact with R		
1	2	H (64 gb)	Jul	11	3:07	IMG_0110.AVI	1	0	0	0	N			
1	2	H (64 gb)	Jul	11	3:08	IMG_0111.AVI	1	2	1	L	N	VERY BLURRY		
1	2	H (64 gb)	Jul	11	3:13	IMG_0112.AVI	1	1	0	L	N			
1	2	H (64 gb)	Jul	11	3:15	IMG_0113.AVI	1	0	0	0	N			
1	2	H (64 gb)	Jul	11	3:17	IMG_0114.AVI	1	0	0	0	N			
1	2	H (64 gb)	Jul	11	3:23	IMG_0115.AVI	1	1	0	L	N			
1	2	H (64 gb)	Jul	11	3:38	IMG_0116.AVI	1	1	0	L	N			
1	2	H (64 gb)	Jul	11	3:41	IMG_0117.AVI	1	0	0	0	N			
1	2	H (64 gb)	Jul	11	4:20	IMG_0118.AVI	0	0	0	0	N			
1	2	H (64 gb)	Jul	11	4:26	IMG_0119.AVI	2	1	0	L	N			
1	2	H (64 gb)	Jul	11	5:24	IMG_0120.AVI	1	1	0	L	N			
1	2	H (64 gb)	Jul	11	5:44	IMG_0121.AVI	1	0	0	L	N			
1	2	H (64 gb)	Jul	11	5:44	IMG_0122.AVI	0	0	0	0	N			
1	2	H (64 gb)	Jul	11	5:53	IMG_0123.AVI					N	black		
1	2	H (64 gb)	Jul	11	6:17	IMG_0124.AVI	1	0	0	0	N			
1	2	H (64 gb)	Jul	11	6:19	IMG_0125.AVI	1	1	0	L	N			
1	2	H (64 gb)	Jul	11	6:21	IMG_0126.AVI	1	1	0	L	N			
1	2	H (64 gb)	Jul	11	6:39	IMG_0127.AVI	1	0	0	0	N			
1	2	H (64 gb)	Jul	11	6:48	IMG_0128.AVI	1	0	0	0	N			
1	2	H (64 gb)	Jul	11	6:48	IMG_0129.AVI	1	1	0	L	N			
1	2	H (64 gb)	Jul	11	20:56	IMG_0130.AVI					N	too foggy 		
1	2	H (64 gb)	Jul	11	21:03	IMG_0131.AVI					N	too foggy 		
1	2	H (64 gb)	Jul	11	21:05	IMG_0132.AVI					N	TOo foggy 		
1	2	H (64 gb)	Jul	11	21:10	IMG_0133.AVI					N	TOo foggy 		
1	2	H (64 gb)	Jul	11	23:06	IMG_0134.AVI					N	TOo foggy 		
1	2	H (64 gb)	Jul	11	23:43	IMG_0135.AVI					N	TOo foggy 		
1	2	H (64 gb)	Jul	12	1:48	IMG_0136.AVI					N	TOo foggy 		
1	2	H (64 gb)	Jul	12	1:49	IMG_0137.AVI					N	TOo foggy 		
1	2	H (64 gb)	Jul	12	1:52	IMG_0138.AVI					N	TOo foggy 		
1	2	H (64 gb)	Jul	12	1:55	IMG_0139.AVI					N	TOo foggy 		
1	2	H (64 gb)	Jul	12	3:54	IMG_0140.AVI					N	TOo foggy 		
1	2	H (64 gb)	Jul	12	4:23	IMG_0141.AVI					N	TOo foggy 		
1	2	H (64 gb)	Jul	12	4:26	IMG_0142.AVI	2	0	1	R	N	foggy??? 		
1	2	H (64 gb)	Jul	12	4:29	IMG_0143.AVI	1	0	0	0	N			
1	2	H (64 gb)	Jul	12	4:58	IMG_0144.AVI	1	1	0	L	N			
1	2	H (64 gb)	Jul	12	5:42	IMG_0145.AVI	1	1	0	L	N			
1	2	H (64 gb)	Jul	12	5:52	IMG_0146.AVI	1	1	0	L	N			
1	2	H (64 gb)	Jul	12	6:21	IMG_0147.AVI	1	1	0	L	N			
1	2	H (64 gb)	Jul	12	20:48	IMG_0148.AVI	1	1	0	L	N			
1	2	H (64 gb)	Jul	12	21:00	IMG_0149.AVI	1	1	0	L	N			
1	2	H (64 gb)	Jul	12	22:04	IMG_0150.AVI	1	1	0	L	N			
1	2	H (64 gb)	Jul	12	22:25	IMG_0151.AVI	1	1	0	L	N			
1	2	H (64 gb)	Jul	12	23:10	IMG_0152.AVI	1	0	0	0	N			
1	2	H (64 gb)	Jul	12	23:57	IMG_0153.AVI	0	0	0	0	N			
1	2	H (64 gb)	Jul	13	0:05	IMG_0154.AVI					N	black 		
1	2	H (64 gb)	Jul	13	1:33	IMG_0155.AVI	0	0	0	0	N			
1	2	H (64 gb)	Jul	13	1:34	IMG_0156.AVI	1	0	0	0	N			
1	2	H (64 gb)	Jul	13	19:36	IMG_0157.AVI	1	1	0	L	N			
1	2	H (64 gb)	Jul	13	21:56	IMG_0158.AVI	1	1	0	L	N			
1	2	H (64 gb)	Jul	13	22:59	IMG_0159.AVI	1	1	0	L	N			
1	2	H (64 gb)	Jul	14	5:56	IMG_0160.AVI	1	1	0	L	N			
1	2	H (64 gb)	Jul	14	20:32	IMG_0161.AVI	1	2	1	L	N			
1	2	H (64 gb)	Jul	14	22:56	IMG_0162.AVI	1	0	0	0	N			
1	2	H (64 gb)	Jul	15	21:38	IMG_0163.AVI	0	0	0	0	N			
1	2	H (64 gb)	Jul	16	2:16	IMG_0164.AVI	1	0	0	0	N			
1	2	H (64 gb)	Jul	20	22:29	IMG_0165.AVI	1	2	1	R	N			
1	2	H (64 gb)	Jul	22	4:04	IMG_0166.AVI	1	1	0	L	N			
10	4	B SanDisk	Jul	17	3:54	IMG_0001.MP4	1	0	0		N	can only see one tube?	SD	
10	4	B SanDisk	Jul	17	3:54	IMG_0001_QV.JPG						pic of same mouse	SD	
4	9	14 ADATA	Jul	9	21:55	IMG_0001.MP4	0	0	0		N		SD	
4	9	14 ADATA	Jul	10	1:34	IMG_0002.MP4	1	0	1	R				
4	9	14 ADATA	Jul	10	1:44	IMG_0003.MP4	1	1	0	L		hard to tell if it's actually at tube		
4	9	14 ADATA	Jul	10	2:36	IMG_0004.MP4	1	0	0		N			
4	9	14 ADATA	Jul	10	5:24	IMG_0005.MP4	1	0	1	R	N			
4	9	14 ADATA	Jul	10	5:28	IMG_0006.MP4	1	0	0		N			
4	9	14 ADATA	Jul	10	5:29	IMG_0007.MP4	1	0	0		N			
4	9	14 ADATA	Jul	10	22:22	IMG_0008.MP4	1	0	0		N			
4	9	14 ADATA	Jul	10	22:56	IMG_0009.MP4	1	0	0		N			
4	9	14 ADATA	Jul	10	23:19	IMG_0010.MP4	1	0	1		N			
4	9	14 ADATA	Jul	11	1:02	IMG_0011.MP4	1	0	0		N			
4	9	14 ADATA	Jul	11	1:40	IMG_0012.MP4	1	0	0		N			
4	9	14 ADATA	Jul	11	3:03	IMG_0013.MP4	1	0	0		N			
4	9	14 ADATA	Jul	11	3:58	IMG_0014.MP4	1	0	0		N			
4	9	14 ADATA	Jul	11	4:59	IMG_0015.MP4	1	0	1	R	N			
4	9	14 ADATA	Jul	14	22:17	IMG_0016.MP4	1	0	0		N			
4	9	14 ADATA	Jul	15	4:16	IMG_0017.MP4	1	0	0		N			
2	7	12 ADATA	Jul	9	22:13	IMG_0001.MP4	1	0	0	R	N	The positioning of camera makes it a bit hard to see L tube		
2	7	12 ADATA	Jul	10	4:57	IMG_0002.MP4	1	0	0	R	N			
2	7	12 ADATA	Jul	10	6:27	IMG_0003.MP4	1	0	0		N			
2	7	12 ADATA	Jul	10	22:25	IMG_0004.MP4	1	0	0		N			
2	7	12 ADATA	Jul	11	0:09	IMG_0005.MP4	1	1	0	L	N			
2	7	12 ADATA	Jul	11	0:10	IMG_0006.MP4	1	1	0	L	N			
2	7	12 ADATA	Jul	11	0:16	IMG_0007.MP4	2	0	1	R	N	2nd mouse didn't interact w either tube		
2	7	12 ADATA	Jul	11	0:18	IMG_0008.MP4	1	0	0		N			
2	7	12 ADATA	Jul	11	0:21	IMG_0009.MP4	0	0	0		N	Didn't see anything		
2	7	12 ADATA	Jul	11	0:38	IMG_0010.MP4	1	0	1	R	N			
2	7	12 ADATA	Jul	11	1:09	IMG_0011.MP4	1	0	1	R	N			
2	7	12 ADATA	Jul	11	1:28	IMG_0012.MP4	1	1	0	L	N			
2	7	12 ADATA	Jul	11	2:22	IMG_0013.MP4	1	0	1	R	N			
2	7	12 ADATA	Jul	11	3:34	IMG_0014.MP4	0	0	0		N	Blurry		
2	7	12 ADATA	Jul	11	3:42	IMG_0015.MP4	1	0	1	R	N			
2	7	12 ADATA	Jul	11	5:49	IMG_0016.MP4	1	0	0		N			
2	7	12 ADATA	Jul	11	6:26	IMG_0017.MP4	1	0	1	R	N			
2	7	12 ADATA	Jul	11	6:34	IMG_0018.MP4	1	2	1	R	N			
2	7	12 ADATA	Jul	11	6:35	IMG_0019.MP4	1	1	0	L	N			
2	7	12 ADATA	Jul	11	6:35	IMG_0020.MP4	0	0	0		N			
2	7	12 ADATA	Jul	11	6:41	IMG_0021.MP4	1	0	0		N			
2	7	12 ADATA	Jul	11	6:53	IMG_0022.MP4	1	0	1	R	N			
2	7	12 ADATA	Jul	11	21:10	IMG_0023.MP4	0	0	0		N	Leaves		
2	7	12 ADATA	Jul	12	21:26	IMG_0024.MP4	1	1	0	L	N			
2	7	12 ADATA	Jul	12	21:28	IMG_0025.MP4	1	0	0		N			
2	7	12 ADATA	Jul	12	21:57	IMG_0026.MP4	1	0	0		N			
2	7	12 ADATA	Jul	12	22:07	IMG_0027.MP4	1	0	0		N			
2	7	12 ADATA	Jul	12	22:23	IMG_0028.MP4	1	0	0		N			
2	7	12 ADATA	Jul	12	22:47	IMG_0029.MP4	1	0	0		N			
2	7	12 ADATA	Jul	12	23:00	IMG_0030.MP4	1	0	0		N			
2	7	12 ADATA	Jul	12	23:33	IMG_0031.MP4	1	0	0		N			
2	7	12 ADATA	Jul	13	1:16	IMG_0032.MP4	1	0	0		N			
2	7	12 ADATA	Jul	13	1:30	IMG_0033.MP4	1	0	0		N			
2	7	12 ADATA	Jul	13	3:08	IMG_0034.MP4	1	1	0	L	N			
2	7	12 ADATA	Jul	13	3:24	IMG_0035.MP4	1	0	1	R	N			
2	7	12 ADATA	Jul	13	20:24	IMG_0036.MP4	1	0	1	R	N			
2	7	12 ADATA	Jul	13	20:57	IMG_0037.MP4	1	1	0	L	N			
2	7	12 ADATA	Jul	13	21:04	IMG_0038.MP4	1	0	0		N			
2	7	12 ADATA	Jul	14	1:57	IMG_0039.MP4	1	0	0		N			
2	7	12 ADATA	Jul	14	4:55	IMG_0040.MP4	0	0	0		N			
2	7	12 ADATA	Jul	14	6:04	IMG_0041.MP4	1	0	0		N			
2	7	12 ADATA	Jul	15	0:54	IMG_0042.MP4	1	0	0		N			
2	7	12 ADATA	Jul	15	22:56	IMG_0043.MP4	1	1	0	L	N			
2	7	12 ADATA	Jul	16	1:01	IMG_0044.MP4	1	0	0		N			
2	7	12 ADATA	Jul	16	1:50	IMG_0045.MP4	1	0	0		N			
2	7	12 ADATA	Jul	16	2:06	IMG_0046.MP4	1	0	0		N			
2	7	12 ADATA	Jul	16	4:56	IMG_0047.MP4	1	0	0		N			
2	7	12 ADATA	Jul	17	23:18	IMG_0048.MP4	1	0	0		N			
2	7	12 ADATA	Jul	18	3:26	IMG_0049.MP4	1	0	1	R	N			
2	7	12 ADATA	Jul	18	5:00	IMG_0050.MP4	0	0	0		N			
2	7	12 ADATA	Jul	18	5:46	IMG_0051.MP4	1	0	0		N			
2	7	12 ADATA	Jul	19	2:18	IMG_0052.MP4	1	0	1	R	N			
2	7	12 ADATA	Jul	26	21:48	IMG_0053.MP4	1	0	0		N			
		KM5	Aug	3	5:04	IMG_0001.MP4	1	0	0		N			
		KM5	Aug	3	5:04	IMG_0002.MP4	1	1	0		N			
		KM5	Aug	14	6:40	IMG_0003.MP4	0	0	0		N	Weird blur initially		
		FA13	Aug	1	22:26	IMG_0001.MP4						I can;t tell where the right tube is		
		FA13	Aug	2	3:02	IMG_0002.MP4								
		FA13	Aug	5	3:28	IMG_0003.MP4								
		FA13	Aug	5	23:35	IMG_0004.MP4								
		FA13	Aug	5	23:36	IMG_0005.MP4								
		FA13	Aug	6	5:16	IMG_0006.MP4						mouse climb :)		
		FA13	Aug	6	5:21	IMG_0007.MP4	0	0	0		N			
		FA12	Jul	31	21:52	IMG_0001.MP4	1	1	2	R	N			
		FA12	Jul	31	22:07	IMG_0002.MP4	1	2	1	R	N			
		FA12	Aug	1	2:11	IMG_0003.MP4	0	0	0		Y			
		FA12	Aug	1	2:11	IMG_0004.MP4	0	0	0		Y			
		FA12	Aug	1	2:12	IMG_0005.MP4	0	0	0		Y			
		FA12	Aug	1	2:50	IMG_0006.MP4	0	0	0		Y			
		FA12	Aug	1	2:51	IMG_0007.MP4	0	0	0		Y			
		FA12	Aug	1	23:35	IMG_0008.MP4	0	0	0		Y			
		FA12	Aug	1	23:35	IMG_0009.MP4	0	0	0		Y			
		FA12	Aug	1	23:35	IMG_0010.MP4	0	0	0		Y			
		FA12	Aug	1	23:36	IMG_0011.MP4	0	0	0		Y			
		FA12	Aug	1	23:36	IMG_0012.MP4	0	0	0		Y			
		FA12	Aug	2	0:06	IMG_0013.MP4	0	0	0		Y			
		FA12	Aug	2	0:07	IMG_0014.MP4	0	0	0		Y			
		FA12	Aug	2	0:07	IMG_0015.MP4	0	0	0		Y			
		FA12	Aug	2	3:00	IMG_0016.MP4	0	0	0		Y			
		FA12	Aug	2	3:00	IMG_0017.MP4	0	0	0		Y			
		FA12	Aug	2	3:00	IMG_0018.MP4	0	0	0		Y			
		FA12	Aug	2	3:00	IMG_0019.MP4	0	0	0		Y			
		FA12	Aug	2	3:01	IMG_0020.MP4	0	0	0		Y			
		FA12	Aug	2	3:01	IMG_0021.MP4	0	0	0		N			
		FA12	Aug	2	20:26	IMG_0022.MP4	1	0	1		N			
		FA12	Aug	2	20:27	IMG_0023.MP4	1	0	1		N			
		FA12	Aug	2	20:28	IMG_0024.MP4	1	0	0		N			
		FA12	Aug	3	23:23	IMG_0025.MP4	1	1	2	L	N			
		FA12	Aug	5	21:59	IMG_0026.MP4	1	2	1	R	N			
		FA12	Aug	7	2:51	IMG_0027.MP4	1	2	1	R	N			
		FA12	Aug	7	2:52	IMG_0028.MP4	1	1	0		N			
		FA12	Aug	7	2:52	IMG_0029.MP4	1	1	0		N			
		FA12	Aug	9	3:40	IMG_0030.MP4	1	0	0		N			
		FA12	Aug	9	3:40	IMG_0031.MP4	1	0	1		N			
		FA12	Aug	9	3:43	IMG_0032.MP4	1	1	0		N			
		FA12	Aug	9	3:43	IMG_0033.MP4	1	1	0		N			
		FA12	Aug	9	3:43	IMG_0034.MP4	0	0	0		N			
		FA12	Aug	10	0:17	IMG_0035.MP4	1	1	0		N			
		FA12	Aug	10	0:17	IMG_0036.MP4	1	1	0		N			
		FA12	Aug	10	0:17	IMG_0037.MP4	1	0	1		N			
		FA12	Aug	10	0:17	IMG_0038.MP4	1	0	1		N			
		FA12	Aug	10	0:18	IMG_0039.MP4	1	0	0		N			
		FA12	Aug	11	21:31	IMG_0040.MP4	1	0	1		N			
		FA12	Aug	11	21:31	IMG_0041.MP4	1	0	1		N			
		FA12	Aug	12	4:39	IMG_0042.MP4	1	0	1		N			
		FA12	Aug	12	4:39	IMG_0043.MP4	1	0	1		N			
		FA12	Aug	12	4:40	IMG_0044.MP4	0	0	0		N			
		FA12	Aug	12	19:48	IMG_0045.MP4	1	1	0		N			
		FA12	Aug	12	19:48	IMG_0046.MP4	1	0	1		N			
		FA12	Aug	12	19:49	IMG_0047.MP4	1	0	0		N			
		FA12	Aug	12	20:22	IMG_0048.MP4	0	0	0		N			
		FA12	Aug	13	20:06	IMG_0049.MP4	1	0	1		N			
		FA12	Aug	15	4:41	IMG_0050.MP4	0	0	0		N			
		FA12	Aug	15	4:44	IMG_0051.MP4	1	0	1		N			
		FA12	Aug	15	4:44	IMG_0052.MP4	1	0	1		N			
		FA12	Aug	15	4:46	IMG_0053.MP4	1	0	1		N			
		FA10	Jan	1	2022	IMG_0001.MP4	0	0	0		N	Daytime vid...		
		FA10	Aug	1	2:44	IMG_0002.MP4	0	0	0		N	0 second vid		
		FA9	Jul	28	23:28	IMG_0001.MP4	0	0	0		N	Rabbit		
		FA9	Aug	6	22:58	IMG_0002.MP4	0	0	0		N	Possum		
		FA9	Aug	6	22:59	IMG_0003.MP4	0	0	0		N	Possum		
		FA8	Aug	1	0:02	IMG_0001.MP4	1	0	1	R	N			
		FA8	Aug	1	0:44	IMG_0002.MP4	1	1	2	R	N			
		FA8	Aug	1	0:44	IMG_0003.MP4	1	1	0		N			
		FA8	Aug	1	0:45	IMG_0004.MP4	1	0	0		N			
		FA8	Aug	1	22:00	IMG_0005.MP4	1	2	1	R	N			
		FA8	Aug	1	22:01	IMG_0006.MP4	1	0	0		N			
		FA8	Aug	2	3:07	IMG_0007.MP4	0	0	0		Y			
		FA8	Aug	2	3:07	IMG_0008.MP4	0	0	0		Y			
		FA8	Aug	2	21:15	IMG_0009.MP4	1	1	2	R	N			
		FA8	Aug	3	3:44	IMG_0010.MP4	1	1	0		N			
		FA8	Aug	3	3:44	IMG_0011.MP4	1	0	1		N			
		FA8	Aug	3	3:45	IMG_0012.MP4	1	0	0		N			
		FA8	Aug	3	23:00	IMG_0013.MP4	1	1	0		N			
		FA8	Aug	3	23:00	IMG_0014.MP4	1	0	0		N			
		FA8	Aug	4	4:21	IMG_0015.MP4	1	1	0		N			
		FA8	Aug	4	4:21	IMG_0016.MP4	1	0	1		N			
		FA8	Aug	4	4:21	IMG_0017.MP4	1	0	1		N			
		FA8	Aug	6	23:08	IMG_0018.MP4	0	0	0		N	Possum		
		FA8	Aug	8	21:12	IMG_0019.MP4	1	1	0		N			
		FA8	Aug	8	21:13	IMG_0020.MP4	1	1	0		N			
		FA8	Aug	8	21:13	IMG_0021.MP4	1	1	0		N			
		FA8	Aug	8	23:25	IMG_0022.MP4	1	1	0		N			
		FA8	Aug	9	23:15	IMG_0023.MP4	0	0	0		N	Possum		
		FA8	Aug	9	23:51	IMG_0024.MP4	1	2	1	L	N			
		FA8	Aug	9	23:52	IMG_0025.MP4	0	0	0		N			
		FA8	Aug	12	19:27	IMG_0026.MP4	1	1	2	L	N			
		FA8	Aug	14	4:28	IMG_0027.MP4	1	1	0		N			
		FA8	Aug	14	4:28	IMG_0028.MP4	1	1	0		N			
		FA8	Aug	14	4:28	IMG_0029.MP4	1	0	1		N			
		FA8	Aug	14	4:28	IMG_0030.MP4	1	0	1		N	Vids from this camera are really short		
		FA7	Jul	29	4:53	IMG_0001.MP4	1	0	1		N			
		FA7	Jul	30	20:20	IMG_0002.MP4	1	1	0		N			
		FA7	Jul	30	22:38	IMG_0003.MP4	1	1	0		N			
		FA7	Jul	31	4:11	IMG_0004.MP4	1	2	1	L	N			
		FA7	Jul	31	4:13	IMG_0005.MP4	1	0	1		N			
		FA7	Jul	31	4:57	IMG_0006.MP4	1	1	0		N			
		FA7	Jul	31	20:45	IMG_0007.MP4	1	0	0		N			
		FA7	Jul	31	23:56	IMG_0008.MP4	1	0	0		N			
		FA7	Aug	1	0:54	IMG_0009.MP4	1	0	1		N			
		FA7	Aug	1	5:01	IMG_0010.MP4	1	0	1		N			
		FA7	Aug	2	3:11	IMG_0011.MP4	1	0	0		N	Mice running left to right across screen		
		FA7	Aug	2	21:11	IMG_0012.MP4	1	0	0		N	Mice running left to right across screen		
		FA7	Aug	3	3:07	IMG_0013.MP4	1	0	0		N	Mice running left to right across screen		
		FA7	Aug	3	20:03	IMG_0014.MP4	1	0	0		N	Mice running left to right across screen		
		FA7	Aug	6	5:33	IMG_0015.MP4	1	1	0		N			
		FA7	Aug	6	22:38	IMG_0016.MP4	1	0	0		N			
		FA7	Aug	6	23:11	IMG_0017.MP4	0	0	0		N	Possum		
		FA7	Aug	9	20:40	IMG_0018.MP4	1	0	0		N			
		FA7	Aug	9	23:18	IMG_0019.MP4	0	0	0		N	Giant black creature - cat or bird or possum?		
		FA7	Aug	10	5:19	IMG_0020.MP4	1	0	0		N			
		FA7	Aug	16	4:42	IMG_0021.MP4	1	0	0		N			
		FA5	Aug	2	0:12	IMG_0001.AVI	0	0	0		Y			
		FA5	Aug	2	0:12	IMG_0002.AVI	0	0	0		Y			
		FA5	Aug	2	0:13	IMG_0003.AVI	0	0	0		Y			
		FA5	Aug	2	0:46	IMG_0004.AVI	0	0	0		Y			
		FA5	Aug	2	0:51	IMG_0005.AVI	0	0	0		Y			
		FA5	Aug	2	0:52	IMG_0006.AVI	0	0	0		Y			
		FA5	Aug	2	0:55	IMG_0007.AVI	0	0	0		Y			
		FA5	Aug	2	2:48	IMG_0008.AVI	0	0	0		Y			
		FA5	Aug	2	2:53	IMG_0009.AVI	0	0	0		Y			
		FA5	Aug	6	20:11	IMG_0010.AVI	0	0	0		N			
		FA5	Aug	7	1:48	IMG_0011.AVI	1	1	0		N	These creatures are incredibly small - are the other ones rats?		
		FA5	Aug	7	2:30	IMG_0012.AVI	1	0	0		N			
		FA5	Aug	7	2:48	IMG_0013.AVI	1	0	0		N			
		FA5	Aug	7	2:49	IMG_0014.AVI	0	0	0		N			
		FA5	Aug	15	19:41	IMG_0015.AVI	0	0	0		N			
		12 ADATA	Aug	25	23:56	IMG_0001.MP4	0	0	0		Y	Rat		
		12 ADATA	Aug	29	0:33	IMG_0002.MP4	0	0	0		N	Hedgehog!		
		12 ADATA	Sep	1	6:55	IMG_0003.MP4	0	0	0		N	Eurasian blackbird		
		14 ADATA	Aug	24	5:58	IMG_0001.MP4	0	0	0		N	Rabbit		
		14 ADATA	Sep	2	6:46	IMG_0002.MP4	0	0	0		N	Eurasian blackbird		
		14 ADATA	Sep	3	6:41	IMG_0003.MP4	0	0	0		N	Eurasian blackbird		
		14 ADATA	Sep	3	6:42	IMG_0004.MP4	0	0	0		N	Eurasian blackbird		
		14 ADATA	Sep	4	2:49	IMG_0005.MP4	0	0	0		N	Unidentified creature, middle left		
		14 ADATA	Sep	4	23:38	IMG_0006.MP4	0	0	0		N	Hedgehog!		
		H (64 gb)	Sep	3	6:52	IMG_0001.AVI	0	0	0		N	Bird		
		H (64 gb)	Sep	3	6:53	IMG_0002.AVI	0	0	0		N	Eurasian blackbird		
		KM 1 (64)	Sep	7	6:40	IMG_0001.MP4	0	0	0		N	Eurasian blackbird, probably same bird		
		KM 1 (64)	Sep	9	6:45	IMG_0002.MP4	0	0	0		N	Eurasian blackbird, probably same bird		
		KM 1 (64)	Sep	9	6:45	IMG_0003.MP4	0	0	0		N	Eurasian blackbird, probably same bird		
		KM 1 (64)	Sep	9	6:45	IMG_0004.MP4	0	0	0		N	Eurasian blackbird, probably same bird		
		KM 1 (64)	Sep	9	6:45	IMG_0005.MP4	0	0	0		N	Eurasian blackbird, probably same bird		
		KM 3	Sep	3	6:00	IMG_0001.MP4	0	0	0		N	Mystery bird		
		KM 10 (64)	Jan	1	2022	IMG_0001.MP4	0	0	0		N	Videos only of camera set up		
		KM 10 (64)	Jan	1	2022	IMG_0002.MP4	0	0	0		N	Videos only of camera set up		
		T SanDisk	Sep	3	22:50	IMG_0001.MP4	0	0	0		N	Unidentified creature, bottom right		
		T SanDisk	Sep	5	20:44	IMG_0002.MP4	0	0	0		N	Hedgehog!		